cell,state,expTop,top,dTop,expRight,right,dRight,expWidth,width,dWidth,height,pass
C10,CONSTRUCTION_SHAPE_REST,112,112.5,0.5,8,8,0,72,68,-4,194,PASS
C10,TRANSFORM_MOVE_WORLD,112,112.5,0.5,8,8,0,72,68,-4,448,PASS
C10,TRANSFORM_ROTATE_WORLD,112,112.5,0.5,8,8,0,72,68,-4,448,PASS
C10,TRANSFORM_SCALE,112,112.5,0.5,8,8,0,72,68,-4,346,PASS
C10,TRANSFORM_MOVE_LOCAL,112,112.5,0.5,8,8,0,72,68,-4,448,PASS
C10,EXACT_OPEN,112,112.5,0.5,8,8,0,72,68,-4,448,PASS
C10,EXACT_IME,112,112.5,0.5,8,8,0,72,68,-4,434.5,PASS
C10,EXACT_CLOSE,112,112.5,0.5,8,8,0,72,68,-4,448,PASS
C10,SCULPT_REST,112,112.5,0.5,8,8,0,72,68,-4,326,PASS
C10,SCULPT_DETAILS,112,112.5,0.5,8,8,0,72,68,-4,326,PASS
C10,SCULPT_CLOSE,112,112.5,0.5,8,8,0,72,68,-4,326,PASS
C13,CONSTRUCTION_SHAPE_REST,112,112.5,0.5,8,8,0,72,68,-4,194,PASS
C13,TRANSFORM_MOVE_WORLD,112,112.5,0.5,8,8,0,72,68,-4,448,PASS
C13,TRANSFORM_ROTATE_WORLD,112,112.5,0.5,8,8,0,72,68,-4,448,PASS
C13,TRANSFORM_SCALE,112,112.5,0.5,8,8,0,72,68,-4,346,PASS
C13,TRANSFORM_MOVE_LOCAL,112,112.5,0.5,8,8,0,72,68,-4,448,PASS
C13,EXACT_OPEN,112,112.5,0.5,8,8,0,72,68,-4,448,PASS
C13,EXACT_IME,112,112.5,0.5,8,8,0,72,68,-4,421,PASS
C13,EXACT_CLOSE,112,112.5,0.5,8,8,0,72,68,-4,448,PASS
C13,SCULPT_REST,112,112.5,0.5,8,8,0,72,68,-4,326,PASS
C13,SCULPT_DETAILS,112,112.5,0.5,8,8,0,72,68,-4,326,PASS
C13,SCULPT_CLOSE,112,112.5,0.5,8,8,0,72,68,-4,326,PASS
L10,CONSTRUCTION_SHAPE_REST,88,88,0,8,8,0,72,68,-4,162,PASS
L10,TRANSFORM_MOVE_WORLD,88,88,0,8,8,0,72,68,-4,235,PASS
L10,TRANSFORM_ROTATE_WORLD,88,88,0,8,8,0,72,68,-4,235,PASS
L10,TRANSFORM_SCALE,88,88,0,8,8,0,72,68,-4,235,PASS
L10,TRANSFORM_MOVE_LOCAL,88,88,0,8,8,0,72,68,-4,235,PASS
L10,EXACT_OPEN,88,88,0,8,8,0,72,68,-4,235,PASS
L10,EXACT_IME,88,88,0,8,8,0,72,68,-4,235,PASS
L10,EXACT_CLOSE,88,88,0,8,8,0,72,68,-4,235,PASS
L10,SCULPT_REST,88,88,0,8,8,0,72,68,-4,235,PASS
L10,SCULPT_DETAILS,88,88,0,8,8,0,72,68,-4,235,PASS
L10,SCULPT_CLOSE,88,88,0,8,8,0,72,68,-4,235,PASS
L13,CONSTRUCTION_SHAPE_REST,88,88,0,8,8,0,72,68,-4,162,PASS
L13,TRANSFORM_MOVE_WORLD,88,88,0,8,8,0,72,68,-4,235,PASS
L13,TRANSFORM_ROTATE_WORLD,88,88,0,8,8,0,72,68,-4,235,PASS
L13,TRANSFORM_SCALE,88,88,0,8,8,0,72,68,-4,235,PASS
L13,TRANSFORM_MOVE_LOCAL,88,88,0,8,8,0,72,68,-4,235,PASS
L13,EXACT_OPEN,88,88,0,8,8,0,72,68,-4,235,PASS
L13,EXACT_IME,88,88,0,8,8,0,72,68,-4,235,PASS
L13,EXACT_CLOSE,88,88,0,8,8,0,72,68,-4,235,PASS
L13,SCULPT_REST,88,88,0,8,8,0,72,68,-4,235,PASS
L13,SCULPT_DETAILS,88,88,0,8,8,0,72,68,-4,235,PASS
L13,SCULPT_CLOSE,88,88,0,8,8,0,72,68,-4,235,PASS
E10,CONSTRUCTION_SHAPE_REST,108,107,-1,8,8,0,72,68,-4,194,PASS
E10,TRANSFORM_MOVE_WORLD,108,107,-1,8,8,0,72,68,-4,448,PASS
E10,TRANSFORM_ROTATE_WORLD,108,107,-1,8,8,0,72,68,-4,448,PASS
E10,TRANSFORM_SCALE,108,107,-1,8,8,0,72,68,-4,346,PASS
E10,TRANSFORM_MOVE_LOCAL,108,107,-1,8,8,0,72,68,-4,448,PASS
E10,EXACT_OPEN,108,107,-1,8,8,0,72,68,-4,448,PASS
E10,EXACT_IME,108,107,-1,8,8,0,72,68,-4,448,PASS
E10,EXACT_CLOSE,108,107,-1,8,8,0,72,68,-4,448,PASS
E10,SCULPT_REST,108,107,-1,8,8,0,72,68,-4,326,PASS
E10,SCULPT_DETAILS,108,107,-1,8,8,0,72,68,-4,326,PASS
E10,SCULPT_CLOSE,108,107,-1,8,8,0,72,68,-4,326,PASS
E13,CONSTRUCTION_SHAPE_REST,108,107,-1,8,8,0,72,68,-4,194,PASS
E13,TRANSFORM_MOVE_WORLD,108,107,-1,8,8,0,72,68,-4,448,PASS
E13,TRANSFORM_ROTATE_WORLD,108,107,-1,8,8,0,72,68,-4,448,PASS
E13,TRANSFORM_SCALE,108,107,-1,8,8,0,72,68,-4,346,PASS
E13,TRANSFORM_MOVE_LOCAL,108,107,-1,8,8,0,72,68,-4,448,PASS
E13,EXACT_OPEN,108,107,-1,8,8,0,72,68,-4,448,PASS
E13,EXACT_IME,108,107,-1,8,8,0,72,68,-4,448,PASS
E13,EXACT_CLOSE,108,107,-1,8,8,0,72,68,-4,448,PASS
E13,SCULPT_REST,108,107,-1,8,8,0,72,68,-4,326,PASS
E13,SCULPT_DETAILS,108,107,-1,8,8,0,72,68,-4,326,PASS
E13,SCULPT_CLOSE,108,107,-1,8,8,0,72,68,-4,326,PASS
