cell,state,id,intrinsicW,intrinsicH,intrinsicFrom,visibleW,visibleH,clipped,pass
C10,CONSTRUCTION_SHAPE_REST,toolbar_editing_group,149,48,CELL,121.5,48,CLIPPED,PASS
C10,CONSTRUCTION_SHAPE_REST,freeze_to_sculpt,121.5,48,CELL,121.5,48,,PASS
C10,CONSTRUCTION_SHAPE_REST,toolbar_utility_group,172.5,56,CELL,172.5,56,,PASS
C10,CONSTRUCTION_SHAPE_REST,export_action,60.5,48,CELL,60.5,48,,PASS
C10,CONSTRUCTION_SHAPE_REST,display_settings_button,48,48,CELL,48,48,,PASS
C10,CONSTRUCTION_SHAPE_REST,hide_ui_toggle,48,48,CELL,48,48,,PASS
C10,CONSTRUCTION_SHAPE_REST,workspace_trailing_host,68,448,CELL,68,194,CLIPPED,PASS
C10,CONSTRUCTION_SHAPE_REST,tool_rail_shape,56,64,CELL,56,64,,PASS
C10,CONSTRUCTION_SHAPE_REST,tool_rail_place,56,64,CELL,56,64,,PASS
C10,CONSTRUCTION_SHAPE_REST,precision_toggle,56,48,CELL,56,48,,PASS
C10,CONSTRUCTION_SHAPE_REST,objects_capsule,159,56,CELL,159,56,,PASS
C10,CONSTRUCTION_SHAPE_REST,objects_capsule_active,99,48,CELL,99,48,,PASS
C10,CONSTRUCTION_SHAPE_REST,objects_capsule_add,48,48,CELL,48,48,,PASS
C10,CONSTRUCTION_SHAPE_REST,history_group,108,56,CELL,108,56,,PASS
C10,CONSTRUCTION_SHAPE_REST,undo_action,48,48,CELL,48,48,,PASS
C10,CONSTRUCTION_SHAPE_REST,redo_action,48,48,CELL,48,48,,PASS
C10,TRANSFORM_MOVE_WORLD,toolbar_editing_group,149,48,CELL,121.5,48,CLIPPED,PASS
C10,TRANSFORM_MOVE_WORLD,freeze_to_sculpt,121.5,48,CELL,121.5,48,,PASS
C10,TRANSFORM_MOVE_WORLD,toolbar_utility_group,172.5,56,CELL,172.5,56,,PASS
C10,TRANSFORM_MOVE_WORLD,export_action,60.5,48,CELL,60.5,48,,PASS
C10,TRANSFORM_MOVE_WORLD,display_settings_button,48,48,CELL,48,48,,PASS
C10,TRANSFORM_MOVE_WORLD,hide_ui_toggle,48,48,CELL,48,48,,PASS
C10,TRANSFORM_MOVE_WORLD,workspace_trailing_host,68,448,CELL,68,448,,PASS
C10,TRANSFORM_MOVE_WORLD,tool_rail_shape,56,64,CELL,56,64,,PASS
C10,TRANSFORM_MOVE_WORLD,tool_rail_place,56,64,CELL,56,64,,PASS
C10,TRANSFORM_MOVE_WORLD,transform_mode_move,56,48,CELL,56,48,,PASS
C10,TRANSFORM_MOVE_WORLD,transform_mode_rotate,56,48,CELL,56,48,,PASS
C10,TRANSFORM_MOVE_WORLD,transform_mode_scale,56,48,CELL,56,48,,PASS
C10,TRANSFORM_MOVE_WORLD,transform_space_world,56,48,CELL,56,48,,PASS
C10,TRANSFORM_MOVE_WORLD,transform_space_local,56,48,CELL,56,48,,PASS
C10,TRANSFORM_MOVE_WORLD,precision_toggle,56,48,CELL,56,48,,PASS
C10,TRANSFORM_MOVE_WORLD,objects_capsule,159,56,CELL,159,56,,PASS
C10,TRANSFORM_MOVE_WORLD,objects_capsule_active,99,48,CELL,99,48,,PASS
C10,TRANSFORM_MOVE_WORLD,objects_capsule_add,48,48,CELL,48,48,,PASS
C10,TRANSFORM_MOVE_WORLD,history_group,108,56,CELL,108,56,,PASS
C10,TRANSFORM_MOVE_WORLD,undo_action,48,48,CELL,48,48,,PASS
C10,TRANSFORM_MOVE_WORLD,redo_action,48,48,CELL,48,48,,PASS
C10,TRANSFORM_ROTATE_WORLD,toolbar_editing_group,149,48,CELL,121.5,48,CLIPPED,PASS
C10,TRANSFORM_ROTATE_WORLD,freeze_to_sculpt,121.5,48,CELL,121.5,48,,PASS
C10,TRANSFORM_ROTATE_WORLD,toolbar_utility_group,172.5,56,CELL,172.5,56,,PASS
C10,TRANSFORM_ROTATE_WORLD,export_action,60.5,48,CELL,60.5,48,,PASS
C10,TRANSFORM_ROTATE_WORLD,display_settings_button,48,48,CELL,48,48,,PASS
C10,TRANSFORM_ROTATE_WORLD,hide_ui_toggle,48,48,CELL,48,48,,PASS
C10,TRANSFORM_ROTATE_WORLD,workspace_trailing_host,68,448,CELL,68,448,,PASS
C10,TRANSFORM_ROTATE_WORLD,tool_rail_shape,56,64,CELL,56,64,,PASS
C10,TRANSFORM_ROTATE_WORLD,tool_rail_place,56,64,CELL,56,64,,PASS
C10,TRANSFORM_ROTATE_WORLD,transform_mode_move,56,48,CELL,56,48,,PASS
C10,TRANSFORM_ROTATE_WORLD,transform_mode_rotate,56,48,CELL,56,48,,PASS
C10,TRANSFORM_ROTATE_WORLD,transform_mode_scale,56,48,CELL,56,48,,PASS
C10,TRANSFORM_ROTATE_WORLD,transform_space_world,56,48,CELL,56,48,,PASS
C10,TRANSFORM_ROTATE_WORLD,transform_space_local,56,48,CELL,56,48,,PASS
C10,TRANSFORM_ROTATE_WORLD,precision_toggle,56,48,CELL,56,48,,PASS
C10,TRANSFORM_ROTATE_WORLD,objects_capsule,159,56,CELL,159,56,,PASS
C10,TRANSFORM_ROTATE_WORLD,objects_capsule_active,99,48,CELL,99,48,,PASS
C10,TRANSFORM_ROTATE_WORLD,objects_capsule_add,48,48,CELL,48,48,,PASS
C10,TRANSFORM_ROTATE_WORLD,history_group,108,56,CELL,108,56,,PASS
C10,TRANSFORM_ROTATE_WORLD,undo_action,48,48,CELL,48,48,,PASS
C10,TRANSFORM_ROTATE_WORLD,redo_action,48,48,CELL,48,48,,PASS
C10,TRANSFORM_SCALE,toolbar_editing_group,149,48,CELL,121.5,48,CLIPPED,PASS
C10,TRANSFORM_SCALE,freeze_to_sculpt,121.5,48,CELL,121.5,48,,PASS
C10,TRANSFORM_SCALE,toolbar_utility_group,172.5,56,CELL,172.5,56,,PASS
C10,TRANSFORM_SCALE,export_action,60.5,48,CELL,60.5,48,,PASS
C10,TRANSFORM_SCALE,display_settings_button,48,48,CELL,48,48,,PASS
C10,TRANSFORM_SCALE,hide_ui_toggle,48,48,CELL,48,48,,PASS
C10,TRANSFORM_SCALE,workspace_trailing_host,68,448,CELL,68,346,CLIPPED,PASS
C10,TRANSFORM_SCALE,tool_rail_shape,56,64,CELL,56,64,,PASS
C10,TRANSFORM_SCALE,tool_rail_place,56,64,CELL,56,64,,PASS
C10,TRANSFORM_SCALE,transform_mode_move,56,48,CELL,56,48,,PASS
C10,TRANSFORM_SCALE,transform_mode_rotate,56,48,CELL,56,48,,PASS
C10,TRANSFORM_SCALE,transform_mode_scale,56,48,CELL,56,48,,PASS
C10,TRANSFORM_SCALE,precision_toggle,56,48,CELL,56,48,,PASS
C10,TRANSFORM_SCALE,objects_capsule,159,56,CELL,159,56,,PASS
C10,TRANSFORM_SCALE,objects_capsule_active,99,48,CELL,99,48,,PASS
C10,TRANSFORM_SCALE,objects_capsule_add,48,48,CELL,48,48,,PASS
C10,TRANSFORM_SCALE,history_group,108,56,CELL,108,56,,PASS
C10,TRANSFORM_SCALE,undo_action,48,48,CELL,48,48,,PASS
C10,TRANSFORM_SCALE,redo_action,48,48,CELL,48,48,,PASS
C10,TRANSFORM_MOVE_LOCAL,toolbar_editing_group,149,48,CELL,121.5,48,CLIPPED,PASS
C10,TRANSFORM_MOVE_LOCAL,freeze_to_sculpt,121.5,48,CELL,121.5,48,,PASS
C10,TRANSFORM_MOVE_LOCAL,toolbar_utility_group,172.5,56,CELL,172.5,56,,PASS
C10,TRANSFORM_MOVE_LOCAL,export_action,60.5,48,CELL,60.5,48,,PASS
C10,TRANSFORM_MOVE_LOCAL,display_settings_button,48,48,CELL,48,48,,PASS
C10,TRANSFORM_MOVE_LOCAL,hide_ui_toggle,48,48,CELL,48,48,,PASS
C10,TRANSFORM_MOVE_LOCAL,workspace_trailing_host,68,448,CELL,68,448,,PASS
C10,TRANSFORM_MOVE_LOCAL,tool_rail_shape,56,64,CELL,56,64,,PASS
C10,TRANSFORM_MOVE_LOCAL,tool_rail_place,56,64,CELL,56,64,,PASS
C10,TRANSFORM_MOVE_LOCAL,transform_mode_move,56,48,CELL,56,48,,PASS
C10,TRANSFORM_MOVE_LOCAL,transform_mode_rotate,56,48,CELL,56,48,,PASS
C10,TRANSFORM_MOVE_LOCAL,transform_mode_scale,56,48,CELL,56,48,,PASS
C10,TRANSFORM_MOVE_LOCAL,transform_space_world,56,48,CELL,56,48,,PASS
C10,TRANSFORM_MOVE_LOCAL,transform_space_local,56,48,CELL,56,48,,PASS
C10,TRANSFORM_MOVE_LOCAL,precision_toggle,56,48,CELL,56,48,,PASS
C10,TRANSFORM_MOVE_LOCAL,objects_capsule,159,56,CELL,159,56,,PASS
C10,TRANSFORM_MOVE_LOCAL,objects_capsule_active,99,48,CELL,99,48,,PASS
C10,TRANSFORM_MOVE_LOCAL,objects_capsule_add,48,48,CELL,48,48,,PASS
C10,TRANSFORM_MOVE_LOCAL,history_group,108,56,CELL,108,56,,PASS
C10,TRANSFORM_MOVE_LOCAL,undo_action,48,48,CELL,48,48,,PASS
C10,TRANSFORM_MOVE_LOCAL,redo_action,48,48,CELL,48,48,,PASS
C10,EXACT_OPEN,toolbar_editing_group,149,48,CELL,121.5,48,CLIPPED,PASS
C10,EXACT_OPEN,freeze_to_sculpt,121.5,48,CELL,121.5,48,,PASS
C10,EXACT_OPEN,toolbar_utility_group,172.5,56,CELL,172.5,56,,PASS
C10,EXACT_OPEN,export_action,60.5,48,CELL,60.5,48,,PASS
C10,EXACT_OPEN,display_settings_button,48,48,CELL,48,48,,PASS
C10,EXACT_OPEN,hide_ui_toggle,48,48,CELL,48,48,,PASS
C10,EXACT_OPEN,workspace_trailing_host,68,448,CELL,68,448,,PASS
C10,EXACT_OPEN,tool_rail_shape,56,64,CELL,56,64,,PASS
C10,EXACT_OPEN,tool_rail_place,56,64,CELL,56,64,,PASS
C10,EXACT_OPEN,transform_mode_move,56,48,CELL,56,48,,PASS
C10,EXACT_OPEN,transform_mode_rotate,56,48,CELL,56,48,,PASS
C10,EXACT_OPEN,transform_mode_scale,56,48,CELL,56,48,,PASS
C10,EXACT_OPEN,transform_space_world,56,48,CELL,56,48,,PASS
C10,EXACT_OPEN,transform_space_local,56,48,CELL,56,48,,PASS
C10,EXACT_OPEN,precision_toggle,56,48,CELL,56,48,,PASS
C10,EXACT_OPEN,inspector_toggle,48,48,CELL,48,48,,PASS
C10,EXACT_OPEN,field_pos_x,117,48,CELL,117,48,,PASS
C10,EXACT_OPEN,field_pos_y,117,48,CELL,117,48,,PASS
C10,EXACT_OPEN,field_pos_z,117,48,CELL,117,48,,PASS
C10,EXACT_OPEN,apply_transform,367,48,CELL,367,48,,PASS
C10,EXACT_IME,toolbar_editing_group,149,48,CELL,121.5,48,CLIPPED,PASS
C10,EXACT_IME,freeze_to_sculpt,121.5,48,CELL,121.5,48,,PASS
C10,EXACT_IME,toolbar_utility_group,172.5,56,CELL,172.5,56,,PASS
C10,EXACT_IME,export_action,60.5,48,CELL,60.5,48,,PASS
C10,EXACT_IME,display_settings_button,48,48,CELL,48,48,,PASS
C10,EXACT_IME,hide_ui_toggle,48,48,CELL,48,48,,PASS
C10,EXACT_IME,workspace_trailing_host,68,448,CELL,68,434.5,CLIPPED,PASS
C10,EXACT_IME,tool_rail_shape,56,64,CELL,56,64,,PASS
C10,EXACT_IME,tool_rail_place,56,64,CELL,56,64,,PASS
C10,EXACT_IME,transform_mode_move,56,48,CELL,56,48,,PASS
C10,EXACT_IME,transform_mode_rotate,56,48,CELL,56,48,,PASS
C10,EXACT_IME,transform_mode_scale,56,48,CELL,56,48,,PASS
C10,EXACT_IME,transform_space_world,56,48,CELL,56,48,,PASS
C10,EXACT_IME,transform_space_local,56,48,CELL,56,48,,PASS
C10,EXACT_IME,precision_toggle,56,48,CELL,56,40.5,CLIPPED,PASS
C10,EXACT_IME,inspector_toggle,48,48,CELL,48,48,,PASS
C10,EXACT_IME,field_pos_x,117,48,CELL,117,48,,PASS
C10,EXACT_IME,field_pos_y,117,48,CELL,117,48,,PASS
C10,EXACT_IME,field_pos_z,117,48,CELL,117,48,,PASS
C10,EXACT_IME,apply_transform,367,48,CELL,367,48,,PASS
C10,EXACT_CLOSE,toolbar_editing_group,149,48,CELL,121.5,48,CLIPPED,PASS
C10,EXACT_CLOSE,freeze_to_sculpt,121.5,48,CELL,121.5,48,,PASS
C10,EXACT_CLOSE,toolbar_utility_group,172.5,56,CELL,172.5,56,,PASS
C10,EXACT_CLOSE,export_action,60.5,48,CELL,60.5,48,,PASS
C10,EXACT_CLOSE,display_settings_button,48,48,CELL,48,48,,PASS
C10,EXACT_CLOSE,hide_ui_toggle,48,48,CELL,48,48,,PASS
C10,EXACT_CLOSE,workspace_trailing_host,68,448,CELL,68,448,,PASS
C10,EXACT_CLOSE,tool_rail_shape,56,64,CELL,56,64,,PASS
C10,EXACT_CLOSE,tool_rail_place,56,64,CELL,56,64,,PASS
C10,EXACT_CLOSE,transform_mode_move,56,48,CELL,56,48,,PASS
C10,EXACT_CLOSE,transform_mode_rotate,56,48,CELL,56,48,,PASS
C10,EXACT_CLOSE,transform_mode_scale,56,48,CELL,56,48,,PASS
C10,EXACT_CLOSE,transform_space_world,56,48,CELL,56,48,,PASS
C10,EXACT_CLOSE,transform_space_local,56,48,CELL,56,48,,PASS
C10,EXACT_CLOSE,precision_toggle,56,48,CELL,56,48,,PASS
C10,EXACT_CLOSE,objects_capsule,159,56,CELL,159,56,,PASS
C10,EXACT_CLOSE,objects_capsule_active,99,48,CELL,99,48,,PASS
C10,EXACT_CLOSE,objects_capsule_add,48,48,CELL,48,48,,PASS
C10,EXACT_CLOSE,history_group,108,56,CELL,108,56,,PASS
C10,EXACT_CLOSE,undo_action,48,48,CELL,48,48,,PASS
C10,EXACT_CLOSE,redo_action,48,48,CELL,48,48,,PASS
C10,SCULPT_REST,toolbar_editing_group,149,48,CELL,149,48,,PASS
C10,SCULPT_REST,back_to_construction,149,48,CELL,149,48,,PASS
C10,SCULPT_REST,toolbar_utility_group,172.5,56,CELL,172.5,56,,PASS
C10,SCULPT_REST,export_action,60.5,48,CELL,60.5,48,,PASS
C10,SCULPT_REST,display_settings_button,48,48,CELL,48,48,,PASS
C10,SCULPT_REST,hide_ui_toggle,48,48,CELL,48,48,,PASS
C10,SCULPT_REST,brush_radius_slider,48,200,CELL,48,200,,PASS
C10,SCULPT_REST,brush_strength_slider,48,200,CELL,48,200,,PASS
C10,SCULPT_REST,workspace_trailing_host,68,448,CELL,68,326,CLIPPED,PASS
C10,SCULPT_REST,tool_rail_grab,56,64,CELL,56,64,,PASS
C10,SCULPT_REST,tool_rail_clay,56,64,CELL,56,64,,PASS
C10,SCULPT_REST,tool_rail_smooth,56,64,CELL,56,64,,PASS
C10,SCULPT_REST,tool_rail_inflate,56,64,CELL,56,64,,PASS
C10,SCULPT_REST,precision_toggle,56,48,CELL,56,48,,PASS
C10,SCULPT_REST,objects_capsule,159,56,CELL,107,56,CLIPPED,PASS
C10,SCULPT_REST,objects_capsule_active,99,48,CELL,99,48,,PASS
C10,SCULPT_DETAILS,toolbar_editing_group,149,48,CELL,149,48,,PASS
C10,SCULPT_DETAILS,back_to_construction,149,48,CELL,149,48,,PASS
C10,SCULPT_DETAILS,toolbar_utility_group,172.5,56,CELL,172.5,56,,PASS
C10,SCULPT_DETAILS,export_action,60.5,48,CELL,60.5,48,,PASS
C10,SCULPT_DETAILS,display_settings_button,48,48,CELL,48,48,,PASS
C10,SCULPT_DETAILS,hide_ui_toggle,48,48,CELL,48,48,,PASS
C10,SCULPT_DETAILS,brush_radius_slider,48,200,CELL,48,200,,PASS
C10,SCULPT_DETAILS,brush_strength_slider,48,200,CELL,48,200,,PASS
C10,SCULPT_DETAILS,workspace_trailing_host,68,448,CELL,68,326,CLIPPED,PASS
C10,SCULPT_DETAILS,tool_rail_grab,56,64,CELL,56,64,,PASS
C10,SCULPT_DETAILS,tool_rail_clay,56,64,CELL,56,64,,PASS
C10,SCULPT_DETAILS,tool_rail_smooth,56,64,CELL,56,64,,PASS
C10,SCULPT_DETAILS,tool_rail_inflate,56,64,CELL,56,64,,PASS
C10,SCULPT_DETAILS,precision_toggle,56,48,CELL,56,48,,PASS
C10,SCULPT_DETAILS,inspector_toggle,48,48,CELL,48,48,,PASS
C10,SCULPT_DETAILS,freeze_again,367,48,CELL,367,48,,PASS
C10,SCULPT_CLOSE,toolbar_editing_group,149,48,CELL,149,48,,PASS
C10,SCULPT_CLOSE,back_to_construction,149,48,CELL,149,48,,PASS
C10,SCULPT_CLOSE,toolbar_utility_group,172.5,56,CELL,172.5,56,,PASS
C10,SCULPT_CLOSE,export_action,60.5,48,CELL,60.5,48,,PASS
C10,SCULPT_CLOSE,display_settings_button,48,48,CELL,48,48,,PASS
C10,SCULPT_CLOSE,hide_ui_toggle,48,48,CELL,48,48,,PASS
C10,SCULPT_CLOSE,brush_radius_slider,48,200,CELL,48,200,,PASS
C10,SCULPT_CLOSE,brush_strength_slider,48,200,CELL,48,200,,PASS
C10,SCULPT_CLOSE,workspace_trailing_host,68,448,CELL,68,326,CLIPPED,PASS
C10,SCULPT_CLOSE,tool_rail_grab,56,64,CELL,56,64,,PASS
C10,SCULPT_CLOSE,tool_rail_clay,56,64,CELL,56,64,,PASS
C10,SCULPT_CLOSE,tool_rail_smooth,56,64,CELL,56,64,,PASS
C10,SCULPT_CLOSE,tool_rail_inflate,56,64,CELL,56,64,,PASS
C10,SCULPT_CLOSE,precision_toggle,56,48,CELL,56,48,,PASS
C10,SCULPT_CLOSE,objects_capsule,159,56,CELL,107,56,CLIPPED,PASS
C10,SCULPT_CLOSE,objects_capsule_active,99,48,CELL,99,48,,PASS
C13,CONSTRUCTION_SHAPE_REST,toolbar_editing_group,197,48,CELL,154.5,48,CLIPPED,PASS
C13,CONSTRUCTION_SHAPE_REST,freeze_to_sculpt,154.5,48,CELL,154.5,48,,PASS
C13,CONSTRUCTION_SHAPE_REST,toolbar_utility_group,187,56,CELL,187,56,,PASS
C13,CONSTRUCTION_SHAPE_REST,export_action,75,48,CELL,75,48,,PASS
C13,CONSTRUCTION_SHAPE_REST,display_settings_button,48,48,CELL,48,48,,PASS
C13,CONSTRUCTION_SHAPE_REST,hide_ui_toggle,48,48,CELL,48,48,,PASS
C13,CONSTRUCTION_SHAPE_REST,workspace_trailing_host,68,448,CELL,68,194,CLIPPED,PASS
C13,CONSTRUCTION_SHAPE_REST,tool_rail_shape,56,64,CELL,56,64,,PASS
C13,CONSTRUCTION_SHAPE_REST,tool_rail_place,56,64,CELL,56,64,,PASS
C13,CONSTRUCTION_SHAPE_REST,precision_toggle,56,48,CELL,56,48,,PASS
C13,CONSTRUCTION_SHAPE_REST,objects_capsule,177,56,CELL,177,56,,PASS
C13,CONSTRUCTION_SHAPE_REST,objects_capsule_active,117,48,CELL,117,48,,PASS
C13,CONSTRUCTION_SHAPE_REST,objects_capsule_add,48,48,CELL,48,48,,PASS
C13,CONSTRUCTION_SHAPE_REST,history_group,108,56,CELL,108,56,,PASS
C13,CONSTRUCTION_SHAPE_REST,undo_action,48,48,CELL,48,48,,PASS
C13,CONSTRUCTION_SHAPE_REST,redo_action,48,48,CELL,48,48,,PASS
C13,TRANSFORM_MOVE_WORLD,toolbar_editing_group,197,48,CELL,154.5,48,CLIPPED,PASS
C13,TRANSFORM_MOVE_WORLD,freeze_to_sculpt,154.5,48,CELL,154.5,48,,PASS
C13,TRANSFORM_MOVE_WORLD,toolbar_utility_group,187,56,CELL,187,56,,PASS
C13,TRANSFORM_MOVE_WORLD,export_action,75,48,CELL,75,48,,PASS
C13,TRANSFORM_MOVE_WORLD,display_settings_button,48,48,CELL,48,48,,PASS
C13,TRANSFORM_MOVE_WORLD,hide_ui_toggle,48,48,CELL,48,48,,PASS
C13,TRANSFORM_MOVE_WORLD,workspace_trailing_host,68,448,CELL,68,448,,PASS
C13,TRANSFORM_MOVE_WORLD,tool_rail_shape,56,64,CELL,56,64,,PASS
C13,TRANSFORM_MOVE_WORLD,tool_rail_place,56,64,CELL,56,64,,PASS
C13,TRANSFORM_MOVE_WORLD,transform_mode_move,56,48,CELL,56,48,,PASS
C13,TRANSFORM_MOVE_WORLD,transform_mode_rotate,56,48,CELL,56,48,,PASS
C13,TRANSFORM_MOVE_WORLD,transform_mode_scale,56,48,CELL,56,48,,PASS
C13,TRANSFORM_MOVE_WORLD,transform_space_world,56,48,CELL,56,48,,PASS
C13,TRANSFORM_MOVE_WORLD,transform_space_local,56,48,CELL,56,48,,PASS
C13,TRANSFORM_MOVE_WORLD,precision_toggle,56,48,CELL,56,48,,PASS
C13,TRANSFORM_MOVE_WORLD,objects_capsule,177,56,CELL,177,56,,PASS
C13,TRANSFORM_MOVE_WORLD,objects_capsule_active,117,48,CELL,117,48,,PASS
C13,TRANSFORM_MOVE_WORLD,objects_capsule_add,48,48,CELL,48,48,,PASS
C13,TRANSFORM_MOVE_WORLD,history_group,108,56,CELL,108,56,,PASS
C13,TRANSFORM_MOVE_WORLD,undo_action,48,48,CELL,48,48,,PASS
C13,TRANSFORM_MOVE_WORLD,redo_action,48,48,CELL,48,48,,PASS
C13,TRANSFORM_ROTATE_WORLD,toolbar_editing_group,197,48,CELL,154.5,48,CLIPPED,PASS
C13,TRANSFORM_ROTATE_WORLD,freeze_to_sculpt,154.5,48,CELL,154.5,48,,PASS
C13,TRANSFORM_ROTATE_WORLD,toolbar_utility_group,187,56,CELL,187,56,,PASS
C13,TRANSFORM_ROTATE_WORLD,export_action,75,48,CELL,75,48,,PASS
C13,TRANSFORM_ROTATE_WORLD,display_settings_button,48,48,CELL,48,48,,PASS
C13,TRANSFORM_ROTATE_WORLD,hide_ui_toggle,48,48,CELL,48,48,,PASS
C13,TRANSFORM_ROTATE_WORLD,workspace_trailing_host,68,448,CELL,68,448,,PASS
C13,TRANSFORM_ROTATE_WORLD,tool_rail_shape,56,64,CELL,56,64,,PASS
C13,TRANSFORM_ROTATE_WORLD,tool_rail_place,56,64,CELL,56,64,,PASS
C13,TRANSFORM_ROTATE_WORLD,transform_mode_move,56,48,CELL,56,48,,PASS
C13,TRANSFORM_ROTATE_WORLD,transform_mode_rotate,56,48,CELL,56,48,,PASS
C13,TRANSFORM_ROTATE_WORLD,transform_mode_scale,56,48,CELL,56,48,,PASS
C13,TRANSFORM_ROTATE_WORLD,transform_space_world,56,48,CELL,56,48,,PASS
C13,TRANSFORM_ROTATE_WORLD,transform_space_local,56,48,CELL,56,48,,PASS
C13,TRANSFORM_ROTATE_WORLD,precision_toggle,56,48,CELL,56,48,,PASS
C13,TRANSFORM_ROTATE_WORLD,objects_capsule,177,56,CELL,177,56,,PASS
C13,TRANSFORM_ROTATE_WORLD,objects_capsule_active,117,48,CELL,117,48,,PASS
C13,TRANSFORM_ROTATE_WORLD,objects_capsule_add,48,48,CELL,48,48,,PASS
C13,TRANSFORM_ROTATE_WORLD,history_group,108,56,CELL,108,56,,PASS
C13,TRANSFORM_ROTATE_WORLD,undo_action,48,48,CELL,48,48,,PASS
C13,TRANSFORM_ROTATE_WORLD,redo_action,48,48,CELL,48,48,,PASS
C13,TRANSFORM_SCALE,toolbar_editing_group,197,48,CELL,154.5,48,CLIPPED,PASS
C13,TRANSFORM_SCALE,freeze_to_sculpt,154.5,48,CELL,154.5,48,,PASS
C13,TRANSFORM_SCALE,toolbar_utility_group,187,56,CELL,187,56,,PASS
C13,TRANSFORM_SCALE,export_action,75,48,CELL,75,48,,PASS
C13,TRANSFORM_SCALE,display_settings_button,48,48,CELL,48,48,,PASS
C13,TRANSFORM_SCALE,hide_ui_toggle,48,48,CELL,48,48,,PASS
C13,TRANSFORM_SCALE,workspace_trailing_host,68,448,CELL,68,346,CLIPPED,PASS
C13,TRANSFORM_SCALE,tool_rail_shape,56,64,CELL,56,64,,PASS
C13,TRANSFORM_SCALE,tool_rail_place,56,64,CELL,56,64,,PASS
C13,TRANSFORM_SCALE,transform_mode_move,56,48,CELL,56,48,,PASS
C13,TRANSFORM_SCALE,transform_mode_rotate,56,48,CELL,56,48,,PASS
C13,TRANSFORM_SCALE,transform_mode_scale,56,48,CELL,56,48,,PASS
C13,TRANSFORM_SCALE,precision_toggle,56,48,CELL,56,48,,PASS
C13,TRANSFORM_SCALE,objects_capsule,177,56,CELL,177,56,,PASS
C13,TRANSFORM_SCALE,objects_capsule_active,117,48,CELL,117,48,,PASS
C13,TRANSFORM_SCALE,objects_capsule_add,48,48,CELL,48,48,,PASS
C13,TRANSFORM_SCALE,history_group,108,56,CELL,108,56,,PASS
C13,TRANSFORM_SCALE,undo_action,48,48,CELL,48,48,,PASS
C13,TRANSFORM_SCALE,redo_action,48,48,CELL,48,48,,PASS
C13,TRANSFORM_MOVE_LOCAL,toolbar_editing_group,197,48,CELL,154.5,48,CLIPPED,PASS
C13,TRANSFORM_MOVE_LOCAL,freeze_to_sculpt,154.5,48,CELL,154.5,48,,PASS
C13,TRANSFORM_MOVE_LOCAL,toolbar_utility_group,187,56,CELL,187,56,,PASS
C13,TRANSFORM_MOVE_LOCAL,export_action,75,48,CELL,75,48,,PASS
C13,TRANSFORM_MOVE_LOCAL,display_settings_button,48,48,CELL,48,48,,PASS
C13,TRANSFORM_MOVE_LOCAL,hide_ui_toggle,48,48,CELL,48,48,,PASS
C13,TRANSFORM_MOVE_LOCAL,workspace_trailing_host,68,448,CELL,68,448,,PASS
C13,TRANSFORM_MOVE_LOCAL,tool_rail_shape,56,64,CELL,56,64,,PASS
C13,TRANSFORM_MOVE_LOCAL,tool_rail_place,56,64,CELL,56,64,,PASS
C13,TRANSFORM_MOVE_LOCAL,transform_mode_move,56,48,CELL,56,48,,PASS
C13,TRANSFORM_MOVE_LOCAL,transform_mode_rotate,56,48,CELL,56,48,,PASS
C13,TRANSFORM_MOVE_LOCAL,transform_mode_scale,56,48,CELL,56,48,,PASS
C13,TRANSFORM_MOVE_LOCAL,transform_space_world,56,48,CELL,56,48,,PASS
C13,TRANSFORM_MOVE_LOCAL,transform_space_local,56,48,CELL,56,48,,PASS
C13,TRANSFORM_MOVE_LOCAL,precision_toggle,56,48,CELL,56,48,,PASS
C13,TRANSFORM_MOVE_LOCAL,objects_capsule,177,56,CELL,177,56,,PASS
C13,TRANSFORM_MOVE_LOCAL,objects_capsule_active,117,48,CELL,117,48,,PASS
C13,TRANSFORM_MOVE_LOCAL,objects_capsule_add,48,48,CELL,48,48,,PASS
C13,TRANSFORM_MOVE_LOCAL,history_group,108,56,CELL,108,56,,PASS
C13,TRANSFORM_MOVE_LOCAL,undo_action,48,48,CELL,48,48,,PASS
C13,TRANSFORM_MOVE_LOCAL,redo_action,48,48,CELL,48,48,,PASS
C13,EXACT_OPEN,toolbar_editing_group,197,48,CELL,154.5,48,CLIPPED,PASS
C13,EXACT_OPEN,freeze_to_sculpt,154.5,48,CELL,154.5,48,,PASS
C13,EXACT_OPEN,toolbar_utility_group,187,56,CELL,187,56,,PASS
C13,EXACT_OPEN,export_action,75,48,CELL,75,48,,PASS
C13,EXACT_OPEN,display_settings_button,48,48,CELL,48,48,,PASS
C13,EXACT_OPEN,hide_ui_toggle,48,48,CELL,48,48,,PASS
C13,EXACT_OPEN,workspace_trailing_host,68,448,CELL,68,448,,PASS
C13,EXACT_OPEN,tool_rail_shape,56,64,CELL,56,64,,PASS
C13,EXACT_OPEN,tool_rail_place,56,64,CELL,56,64,,PASS
C13,EXACT_OPEN,transform_mode_move,56,48,CELL,56,48,,PASS
C13,EXACT_OPEN,transform_mode_rotate,56,48,CELL,56,48,,PASS
C13,EXACT_OPEN,transform_mode_scale,56,48,CELL,56,48,,PASS
C13,EXACT_OPEN,transform_space_world,56,48,CELL,56,48,,PASS
C13,EXACT_OPEN,transform_space_local,56,48,CELL,56,48,,PASS
C13,EXACT_OPEN,precision_toggle,56,48,CELL,56,48,,PASS
C13,EXACT_OPEN,inspector_toggle,48,48,CELL,48,48,,PASS
C13,EXACT_OPEN,field_pos_x,117,48,CELL,117,48,,PASS
C13,EXACT_OPEN,field_pos_y,117,48,CELL,117,48,,PASS
C13,EXACT_OPEN,field_pos_z,117,48,CELL,117,48,,PASS
C13,EXACT_OPEN,apply_transform,367,48,CELL,367,48,,PASS
C13,EXACT_IME,toolbar_editing_group,197,48,CELL,154.5,48,CLIPPED,PASS
C13,EXACT_IME,freeze_to_sculpt,154.5,48,CELL,154.5,48,,PASS
C13,EXACT_IME,toolbar_utility_group,187,56,CELL,187,56,,PASS
C13,EXACT_IME,export_action,75,48,CELL,75,48,,PASS
C13,EXACT_IME,display_settings_button,48,48,CELL,48,48,,PASS
C13,EXACT_IME,hide_ui_toggle,48,48,CELL,48,48,,PASS
C13,EXACT_IME,workspace_trailing_host,68,448,CELL,68,421,CLIPPED,PASS
C13,EXACT_IME,tool_rail_shape,56,64,CELL,56,64,,PASS
C13,EXACT_IME,tool_rail_place,56,64,CELL,56,64,,PASS
C13,EXACT_IME,transform_mode_move,56,48,CELL,56,48,,PASS
C13,EXACT_IME,transform_mode_rotate,56,48,CELL,56,48,,PASS
C13,EXACT_IME,transform_mode_scale,56,48,CELL,56,48,,PASS
C13,EXACT_IME,transform_space_world,56,48,CELL,56,48,,PASS
C13,EXACT_IME,transform_space_local,56,48,CELL,56,48,,PASS
C13,EXACT_IME,precision_toggle,56,48,CELL,56,27,CLIPPED,PASS
C13,EXACT_IME,inspector_toggle,48,48,CELL,48,48,,PASS
C13,EXACT_IME,field_pos_x,117,48,CELL,117,48,,PASS
C13,EXACT_IME,field_pos_y,117,48,CELL,117,48,,PASS
C13,EXACT_IME,field_pos_z,117,48,CELL,117,48,,PASS
C13,EXACT_IME,apply_transform,367,48,CELL,367,48,,PASS
C13,EXACT_CLOSE,toolbar_editing_group,197,48,CELL,154.5,48,CLIPPED,PASS
C13,EXACT_CLOSE,freeze_to_sculpt,154.5,48,CELL,154.5,48,,PASS
C13,EXACT_CLOSE,toolbar_utility_group,187,56,CELL,187,56,,PASS
C13,EXACT_CLOSE,export_action,75,48,CELL,75,48,,PASS
C13,EXACT_CLOSE,display_settings_button,48,48,CELL,48,48,,PASS
C13,EXACT_CLOSE,hide_ui_toggle,48,48,CELL,48,48,,PASS
C13,EXACT_CLOSE,workspace_trailing_host,68,448,CELL,68,448,,PASS
C13,EXACT_CLOSE,tool_rail_shape,56,64,CELL,56,64,,PASS
C13,EXACT_CLOSE,tool_rail_place,56,64,CELL,56,64,,PASS
C13,EXACT_CLOSE,transform_mode_move,56,48,CELL,56,48,,PASS
C13,EXACT_CLOSE,transform_mode_rotate,56,48,CELL,56,48,,PASS
C13,EXACT_CLOSE,transform_mode_scale,56,48,CELL,56,48,,PASS
C13,EXACT_CLOSE,transform_space_world,56,48,CELL,56,48,,PASS
C13,EXACT_CLOSE,transform_space_local,56,48,CELL,56,48,,PASS
C13,EXACT_CLOSE,precision_toggle,56,48,CELL,56,48,,PASS
C13,EXACT_CLOSE,objects_capsule,177,56,CELL,177,56,,PASS
C13,EXACT_CLOSE,objects_capsule_active,117,48,CELL,117,48,,PASS
C13,EXACT_CLOSE,objects_capsule_add,48,48,CELL,48,48,,PASS
C13,EXACT_CLOSE,history_group,108,56,CELL,108,56,,PASS
C13,EXACT_CLOSE,undo_action,48,48,CELL,48,48,,PASS
C13,EXACT_CLOSE,redo_action,48,48,CELL,48,48,,PASS
C13,SCULPT_REST,toolbar_editing_group,197,48,CELL,197,48,,PASS
C13,SCULPT_REST,back_to_construction,197,48,CELL,197,48,,PASS
C13,SCULPT_REST,toolbar_utility_group,187,56,CELL,187,56,,PASS
C13,SCULPT_REST,export_action,75,48,CELL,75,48,,PASS
C13,SCULPT_REST,display_settings_button,48,48,CELL,48,48,,PASS
C13,SCULPT_REST,hide_ui_toggle,48,48,CELL,48,48,,PASS
C13,SCULPT_REST,brush_radius_slider,48,200,CELL,48,200,,PASS
C13,SCULPT_REST,brush_strength_slider,48,200,CELL,48,200,,PASS
C13,SCULPT_REST,workspace_trailing_host,68,448,CELL,68,326,CLIPPED,PASS
C13,SCULPT_REST,tool_rail_grab,56,64,CELL,56,64,,PASS
C13,SCULPT_REST,tool_rail_clay,56,64,CELL,56,64,,PASS
C13,SCULPT_REST,tool_rail_smooth,56,64,CELL,56,64,,PASS
C13,SCULPT_REST,tool_rail_inflate,56,64,CELL,56,64,,PASS
C13,SCULPT_REST,precision_toggle,56,48,CELL,56,48,,PASS
C13,SCULPT_REST,objects_capsule,177,56,CELL,125,56,CLIPPED,PASS
C13,SCULPT_REST,objects_capsule_active,117,48,CELL,117,48,,PASS
C13,SCULPT_DETAILS,toolbar_editing_group,197,48,CELL,197,48,,PASS
C13,SCULPT_DETAILS,back_to_construction,197,48,CELL,197,48,,PASS
C13,SCULPT_DETAILS,toolbar_utility_group,187,56,CELL,187,56,,PASS
C13,SCULPT_DETAILS,export_action,75,48,CELL,75,48,,PASS
C13,SCULPT_DETAILS,display_settings_button,48,48,CELL,48,48,,PASS
C13,SCULPT_DETAILS,hide_ui_toggle,48,48,CELL,48,48,,PASS
C13,SCULPT_DETAILS,brush_radius_slider,48,200,CELL,48,200,,PASS
C13,SCULPT_DETAILS,brush_strength_slider,48,200,CELL,48,200,,PASS
C13,SCULPT_DETAILS,workspace_trailing_host,68,448,CELL,68,326,CLIPPED,PASS
C13,SCULPT_DETAILS,tool_rail_grab,56,64,CELL,56,64,,PASS
C13,SCULPT_DETAILS,tool_rail_clay,56,64,CELL,56,64,,PASS
C13,SCULPT_DETAILS,tool_rail_smooth,56,64,CELL,56,64,,PASS
C13,SCULPT_DETAILS,tool_rail_inflate,56,64,CELL,56,64,,PASS
C13,SCULPT_DETAILS,precision_toggle,56,48,CELL,56,48,,PASS
C13,SCULPT_DETAILS,inspector_toggle,48,48,CELL,48,48,,PASS
C13,SCULPT_DETAILS,freeze_again,367,48,CELL,367,48,,PASS
C13,SCULPT_CLOSE,toolbar_editing_group,197,48,CELL,197,48,,PASS
C13,SCULPT_CLOSE,back_to_construction,197,48,CELL,197,48,,PASS
C13,SCULPT_CLOSE,toolbar_utility_group,187,56,CELL,187,56,,PASS
C13,SCULPT_CLOSE,export_action,75,48,CELL,75,48,,PASS
C13,SCULPT_CLOSE,display_settings_button,48,48,CELL,48,48,,PASS
C13,SCULPT_CLOSE,hide_ui_toggle,48,48,CELL,48,48,,PASS
C13,SCULPT_CLOSE,brush_radius_slider,48,200,CELL,48,200,,PASS
C13,SCULPT_CLOSE,brush_strength_slider,48,200,CELL,48,200,,PASS
C13,SCULPT_CLOSE,workspace_trailing_host,68,448,CELL,68,326,CLIPPED,PASS
C13,SCULPT_CLOSE,tool_rail_grab,56,64,CELL,56,64,,PASS
C13,SCULPT_CLOSE,tool_rail_clay,56,64,CELL,56,64,,PASS
C13,SCULPT_CLOSE,tool_rail_smooth,56,64,CELL,56,64,,PASS
C13,SCULPT_CLOSE,tool_rail_inflate,56,64,CELL,56,64,,PASS
C13,SCULPT_CLOSE,precision_toggle,56,48,CELL,56,48,,PASS
C13,SCULPT_CLOSE,objects_capsule,177,56,CELL,125,56,CLIPPED,PASS
C13,SCULPT_CLOSE,objects_capsule_active,117,48,CELL,117,48,,PASS
L10,CONSTRUCTION_SHAPE_REST,toolbar_editing_group,231,56,CELL,231,56,,PASS
L10,CONSTRUCTION_SHAPE_REST,freeze_to_sculpt,121.5,48,CELL,121.5,48,,PASS
L10,CONSTRUCTION_SHAPE_REST,toolbar_utility_group,172.5,56,CELL,172.5,56,,PASS
L10,CONSTRUCTION_SHAPE_REST,export_action,60.5,48,CELL,60.5,48,,PASS
L10,CONSTRUCTION_SHAPE_REST,display_settings_button,48,48,CELL,48,48,,PASS
L10,CONSTRUCTION_SHAPE_REST,hide_ui_toggle,48,48,CELL,48,48,,PASS
L10,CONSTRUCTION_SHAPE_REST,workspace_trailing_host,68,235,CELL,68,162,CLIPPED,PASS
L10,CONSTRUCTION_SHAPE_REST,tool_rail_shape,56,48,CELL,56,48,,PASS
L10,CONSTRUCTION_SHAPE_REST,tool_rail_place,56,48,CELL,56,48,,PASS
L10,CONSTRUCTION_SHAPE_REST,precision_toggle,56,48,CELL,56,48,,PASS
L10,CONSTRUCTION_SHAPE_REST,objects_capsule,159,56,CELL,159,56,,PASS
L10,CONSTRUCTION_SHAPE_REST,objects_capsule_active,99,48,CELL,99,48,,PASS
L10,CONSTRUCTION_SHAPE_REST,objects_capsule_add,48,48,CELL,48,48,,PASS
L10,CONSTRUCTION_SHAPE_REST,history_group,108,56,CELL,108,56,,PASS
L10,CONSTRUCTION_SHAPE_REST,undo_action,48,48,CELL,48,48,,PASS
L10,CONSTRUCTION_SHAPE_REST,redo_action,48,48,CELL,48,48,,PASS
L10,TRANSFORM_MOVE_WORLD,toolbar_editing_group,231,56,CELL,231,56,,PASS
L10,TRANSFORM_MOVE_WORLD,freeze_to_sculpt,121.5,48,CELL,121.5,48,,PASS
L10,TRANSFORM_MOVE_WORLD,toolbar_utility_group,172.5,56,CELL,172.5,56,,PASS
L10,TRANSFORM_MOVE_WORLD,export_action,60.5,48,CELL,60.5,48,,PASS
L10,TRANSFORM_MOVE_WORLD,display_settings_button,48,48,CELL,48,48,,PASS
L10,TRANSFORM_MOVE_WORLD,hide_ui_toggle,48,48,CELL,48,48,,PASS
L10,TRANSFORM_MOVE_WORLD,workspace_trailing_host,68,235,CELL,68,235,,PASS
L10,TRANSFORM_MOVE_WORLD,transform_mode_move,56,48,CELL,56,19.5,CLIPPED,PASS
L10,TRANSFORM_MOVE_WORLD,transform_mode_rotate,56,48,CELL,56,48,,PASS
L10,TRANSFORM_MOVE_WORLD,transform_mode_scale,56,48,CELL,56,48,,PASS
L10,TRANSFORM_MOVE_WORLD,transform_space_world,56,48,CELL,56,48,,PASS
L10,TRANSFORM_MOVE_WORLD,transform_space_local,56,48,CELL,56,48,,PASS
L10,TRANSFORM_MOVE_WORLD,precision_toggle,56,48,CELL,56,9.5,CLIPPED,PASS
L10,TRANSFORM_MOVE_WORLD,objects_capsule,159,56,CELL,159,56,,PASS
L10,TRANSFORM_MOVE_WORLD,objects_capsule_active,99,48,CELL,99,48,,PASS
L10,TRANSFORM_MOVE_WORLD,objects_capsule_add,48,48,CELL,48,48,,PASS
L10,TRANSFORM_MOVE_WORLD,history_group,108,56,CELL,108,56,,PASS
L10,TRANSFORM_MOVE_WORLD,undo_action,48,48,CELL,48,48,,PASS
L10,TRANSFORM_MOVE_WORLD,redo_action,48,48,CELL,48,48,,PASS
L10,TRANSFORM_ROTATE_WORLD,toolbar_editing_group,231,56,CELL,231,56,,PASS
L10,TRANSFORM_ROTATE_WORLD,freeze_to_sculpt,121.5,48,CELL,121.5,48,,PASS
L10,TRANSFORM_ROTATE_WORLD,toolbar_utility_group,172.5,56,CELL,172.5,56,,PASS
L10,TRANSFORM_ROTATE_WORLD,export_action,60.5,48,CELL,60.5,48,,PASS
L10,TRANSFORM_ROTATE_WORLD,display_settings_button,48,48,CELL,48,48,,PASS
L10,TRANSFORM_ROTATE_WORLD,hide_ui_toggle,48,48,CELL,48,48,,PASS
L10,TRANSFORM_ROTATE_WORLD,workspace_trailing_host,68,235,CELL,68,235,,PASS
L10,TRANSFORM_ROTATE_WORLD,transform_mode_move,56,48,CELL,56,19.5,CLIPPED,PASS
L10,TRANSFORM_ROTATE_WORLD,transform_mode_rotate,56,48,CELL,56,48,,PASS
L10,TRANSFORM_ROTATE_WORLD,transform_mode_scale,56,48,CELL,56,48,,PASS
L10,TRANSFORM_ROTATE_WORLD,transform_space_world,56,48,CELL,56,48,,PASS
L10,TRANSFORM_ROTATE_WORLD,transform_space_local,56,48,CELL,56,48,,PASS
L10,TRANSFORM_ROTATE_WORLD,precision_toggle,56,48,CELL,56,9.5,CLIPPED,PASS
L10,TRANSFORM_ROTATE_WORLD,objects_capsule,159,56,CELL,159,56,,PASS
L10,TRANSFORM_ROTATE_WORLD,objects_capsule_active,99,48,CELL,99,48,,PASS
L10,TRANSFORM_ROTATE_WORLD,objects_capsule_add,48,48,CELL,48,48,,PASS
L10,TRANSFORM_ROTATE_WORLD,history_group,108,56,CELL,108,56,,PASS
L10,TRANSFORM_ROTATE_WORLD,undo_action,48,48,CELL,48,48,,PASS
L10,TRANSFORM_ROTATE_WORLD,redo_action,48,48,CELL,48,48,,PASS
L10,TRANSFORM_SCALE,toolbar_editing_group,231,56,CELL,231,56,,PASS
L10,TRANSFORM_SCALE,freeze_to_sculpt,121.5,48,CELL,121.5,48,,PASS
L10,TRANSFORM_SCALE,toolbar_utility_group,172.5,56,CELL,172.5,56,,PASS
L10,TRANSFORM_SCALE,export_action,60.5,48,CELL,60.5,48,,PASS
L10,TRANSFORM_SCALE,display_settings_button,48,48,CELL,48,48,,PASS
L10,TRANSFORM_SCALE,hide_ui_toggle,48,48,CELL,48,48,,PASS
L10,TRANSFORM_SCALE,workspace_trailing_host,68,235,CELL,68,235,,PASS
L10,TRANSFORM_SCALE,tool_rail_place,56,48,CELL,56,25,CLIPPED,PASS
L10,TRANSFORM_SCALE,transform_mode_move,56,48,CELL,56,48,,PASS
L10,TRANSFORM_SCALE,transform_mode_rotate,56,48,CELL,56,48,,PASS
L10,TRANSFORM_SCALE,transform_mode_scale,56,48,CELL,56,48,,PASS
L10,TRANSFORM_SCALE,precision_toggle,56,48,CELL,56,48,,PASS
L10,TRANSFORM_SCALE,objects_capsule,159,56,CELL,159,56,,PASS
L10,TRANSFORM_SCALE,objects_capsule_active,99,48,CELL,99,48,,PASS
L10,TRANSFORM_SCALE,objects_capsule_add,48,48,CELL,48,48,,PASS
L10,TRANSFORM_SCALE,history_group,108,56,CELL,108,56,,PASS
L10,TRANSFORM_SCALE,undo_action,48,48,CELL,48,48,,PASS
L10,TRANSFORM_SCALE,redo_action,48,48,CELL,48,48,,PASS
L10,TRANSFORM_MOVE_LOCAL,toolbar_editing_group,231,56,CELL,231,56,,PASS
L10,TRANSFORM_MOVE_LOCAL,freeze_to_sculpt,121.5,48,CELL,121.5,48,,PASS
L10,TRANSFORM_MOVE_LOCAL,toolbar_utility_group,172.5,56,CELL,172.5,56,,PASS
L10,TRANSFORM_MOVE_LOCAL,export_action,60.5,48,CELL,60.5,48,,PASS
L10,TRANSFORM_MOVE_LOCAL,display_settings_button,48,48,CELL,48,48,,PASS
L10,TRANSFORM_MOVE_LOCAL,hide_ui_toggle,48,48,CELL,48,48,,PASS
L10,TRANSFORM_MOVE_LOCAL,workspace_trailing_host,68,235,CELL,68,235,,PASS
L10,TRANSFORM_MOVE_LOCAL,tool_rail_place,56,48,CELL,56,25,CLIPPED,PASS
L10,TRANSFORM_MOVE_LOCAL,transform_mode_move,56,48,CELL,56,48,,PASS
L10,TRANSFORM_MOVE_LOCAL,transform_mode_rotate,56,48,CELL,56,48,,PASS
L10,TRANSFORM_MOVE_LOCAL,transform_mode_scale,56,48,CELL,56,48,,PASS
L10,TRANSFORM_MOVE_LOCAL,transform_space_world,56,48,CELL,56,48,,PASS
L10,TRANSFORM_MOVE_LOCAL,transform_space_local,56,48,CELL,56,4,CLIPPED,PASS
L10,TRANSFORM_MOVE_LOCAL,objects_capsule,159,56,CELL,159,56,,PASS
L10,TRANSFORM_MOVE_LOCAL,objects_capsule_active,99,48,CELL,99,48,,PASS
L10,TRANSFORM_MOVE_LOCAL,objects_capsule_add,48,48,CELL,48,48,,PASS
L10,TRANSFORM_MOVE_LOCAL,history_group,108,56,CELL,108,56,,PASS
L10,TRANSFORM_MOVE_LOCAL,undo_action,48,48,CELL,48,48,,PASS
L10,TRANSFORM_MOVE_LOCAL,redo_action,48,48,CELL,48,48,,PASS
L10,EXACT_OPEN,toolbar_editing_group,231,56,CELL,231,56,,PASS
L10,EXACT_OPEN,freeze_to_sculpt,121.5,48,CELL,121.5,48,,PASS
L10,EXACT_OPEN,toolbar_utility_group,172.5,56,CELL,172.5,56,,PASS
L10,EXACT_OPEN,export_action,60.5,48,CELL,60.5,48,,PASS
L10,EXACT_OPEN,display_settings_button,48,48,CELL,48,48,,PASS
L10,EXACT_OPEN,hide_ui_toggle,48,48,CELL,48,48,,PASS
L10,EXACT_OPEN,inspector_toggle,48,48,CELL,48,48,,PASS
L10,EXACT_OPEN,field_pos_x,85,48,CELL,85,48,,PASS
L10,EXACT_OPEN,field_pos_y,85.5,48,CELL,85.5,48,,PASS
L10,EXACT_OPEN,field_pos_z,85.5,48,CELL,85.5,48,,PASS
L10,EXACT_OPEN,apply_transform,272,48,CELL,272,48,,PASS
L10,EXACT_OPEN,workspace_trailing_host,68,235,CELL,68,235,,PASS
L10,EXACT_OPEN,transform_mode_rotate,56,48,CELL,56,25,CLIPPED,PASS
L10,EXACT_OPEN,transform_mode_scale,56,48,CELL,56,48,,PASS
L10,EXACT_OPEN,transform_space_world,56,48,CELL,56,48,,PASS
L10,EXACT_OPEN,transform_space_local,56,48,CELL,56,48,,PASS
L10,EXACT_OPEN,precision_toggle,56,48,CELL,56,48,,PASS
L10,EXACT_OPEN,objects_capsule,159,56,CELL,159,56,,PASS
L10,EXACT_OPEN,objects_capsule_active,99,48,CELL,99,48,,PASS
L10,EXACT_OPEN,objects_capsule_add,48,48,CELL,48,48,,PASS
L10,EXACT_OPEN,history_group,108,56,CELL,108,56,,PASS
L10,EXACT_OPEN,undo_action,48,48,CELL,48,48,,PASS
L10,EXACT_OPEN,redo_action,48,48,CELL,48,48,,PASS
L10,EXACT_IME,toolbar_editing_group,231,56,CELL,231,56,,PASS
L10,EXACT_IME,freeze_to_sculpt,121.5,48,CELL,121.5,48,,PASS
L10,EXACT_IME,toolbar_utility_group,172.5,56,CELL,172.5,56,,PASS
L10,EXACT_IME,export_action,60.5,48,CELL,60.5,48,,PASS
L10,EXACT_IME,display_settings_button,48,48,CELL,48,48,,PASS
L10,EXACT_IME,hide_ui_toggle,48,48,CELL,48,48,,PASS
L10,EXACT_IME,inspector_toggle,48,48,CELL,48,48,,PASS
L10,EXACT_IME,field_pos_x,85,48,CELL,85,48,,PASS
L10,EXACT_IME,field_pos_y,85.5,48,CELL,85.5,48,,PASS
L10,EXACT_IME,field_pos_z,85.5,48,CELL,85.5,48,,PASS
L10,EXACT_IME,apply_transform,272,48,CELL,272,48,,PASS
L10,EXACT_IME,workspace_trailing_host,68,235,CELL,68,235,,PASS
L10,EXACT_IME,transform_mode_rotate,56,48,CELL,56,25,CLIPPED,PASS
L10,EXACT_IME,transform_mode_scale,56,48,CELL,56,48,,PASS
L10,EXACT_IME,transform_space_world,56,48,CELL,56,48,,PASS
L10,EXACT_IME,transform_space_local,56,48,CELL,56,48,,PASS
L10,EXACT_IME,precision_toggle,56,48,CELL,56,48,,PASS
L10,EXACT_IME,objects_capsule,159,56,CELL,159,56,,PASS
L10,EXACT_IME,objects_capsule_active,99,48,CELL,99,48,,PASS
L10,EXACT_IME,objects_capsule_add,48,48,CELL,48,48,,PASS
L10,EXACT_IME,history_group,108,56,CELL,108,56,,PASS
L10,EXACT_IME,undo_action,48,48,CELL,48,48,,PASS
L10,EXACT_IME,redo_action,48,48,CELL,48,48,,PASS
L10,EXACT_CLOSE,toolbar_editing_group,231,56,CELL,231,56,,PASS
L10,EXACT_CLOSE,freeze_to_sculpt,121.5,48,CELL,121.5,48,,PASS
L10,EXACT_CLOSE,toolbar_utility_group,172.5,56,CELL,172.5,56,,PASS
L10,EXACT_CLOSE,export_action,60.5,48,CELL,60.5,48,,PASS
L10,EXACT_CLOSE,display_settings_button,48,48,CELL,48,48,,PASS
L10,EXACT_CLOSE,hide_ui_toggle,48,48,CELL,48,48,,PASS
L10,EXACT_CLOSE,workspace_trailing_host,68,235,CELL,68,235,,PASS
L10,EXACT_CLOSE,transform_mode_rotate,56,48,CELL,56,25,CLIPPED,PASS
L10,EXACT_CLOSE,transform_mode_scale,56,48,CELL,56,48,,PASS
L10,EXACT_CLOSE,transform_space_world,56,48,CELL,56,48,,PASS
L10,EXACT_CLOSE,transform_space_local,56,48,CELL,56,48,,PASS
L10,EXACT_CLOSE,precision_toggle,56,48,CELL,56,48,,PASS
L10,EXACT_CLOSE,objects_capsule,159,56,CELL,159,56,,PASS
L10,EXACT_CLOSE,objects_capsule_active,99,48,CELL,99,48,,PASS
L10,EXACT_CLOSE,objects_capsule_add,48,48,CELL,48,48,,PASS
L10,EXACT_CLOSE,history_group,108,56,CELL,108,56,,PASS
L10,EXACT_CLOSE,undo_action,48,48,CELL,48,48,,PASS
L10,EXACT_CLOSE,redo_action,48,48,CELL,48,48,,PASS
L10,SCULPT_REST,toolbar_editing_group,231,56,CELL,214,56,CLIPPED,PASS
L10,SCULPT_REST,back_to_construction,149,48,CELL,149,48,,PASS
L10,SCULPT_REST,toolbar_utility_group,172.5,56,CELL,172.5,56,,PASS
L10,SCULPT_REST,export_action,60.5,48,CELL,60.5,48,,PASS
L10,SCULPT_REST,display_settings_button,48,48,CELL,48,48,,PASS
L10,SCULPT_REST,hide_ui_toggle,48,48,CELL,48,48,,PASS
L10,SCULPT_REST,brush_radius_slider,48,178,CELL,48,178,,PASS
L10,SCULPT_REST,brush_strength_slider,48,178,CELL,48,178,,PASS
L10,SCULPT_REST,workspace_trailing_host,68,235,CELL,68,235,,PASS
L10,SCULPT_REST,tool_rail_grab,56,64,RUN,56,27,CLIPPED,PASS
L10,SCULPT_REST,tool_rail_clay,56,48,CELL,56,48,,PASS
L10,SCULPT_REST,tool_rail_smooth,56,48,CELL,56,48,,PASS
L10,SCULPT_REST,tool_rail_inflate,56,48,CELL,56,48,,PASS
L10,SCULPT_REST,precision_toggle,56,48,CELL,56,48,,PASS
L10,SCULPT_REST,objects_capsule,159,56,CELL,107,56,CLIPPED,PASS
L10,SCULPT_REST,objects_capsule_active,99,48,CELL,99,48,,PASS
L10,SCULPT_DETAILS,toolbar_editing_group,231,56,CELL,214,56,CLIPPED,PASS
L10,SCULPT_DETAILS,back_to_construction,149,48,CELL,149,48,,PASS
L10,SCULPT_DETAILS,toolbar_utility_group,172.5,56,CELL,172.5,56,,PASS
L10,SCULPT_DETAILS,export_action,60.5,48,CELL,60.5,48,,PASS
L10,SCULPT_DETAILS,display_settings_button,48,48,CELL,48,48,,PASS
L10,SCULPT_DETAILS,hide_ui_toggle,48,48,CELL,48,48,,PASS
L10,SCULPT_DETAILS,brush_radius_slider,48,178,CELL,48,178,,PASS
L10,SCULPT_DETAILS,brush_strength_slider,48,178,CELL,48,178,,PASS
L10,SCULPT_DETAILS,inspector_toggle,48,48,CELL,48,48,,PASS
L10,SCULPT_DETAILS,freeze_again,272,48,CELL,272,48,,PASS
L10,SCULPT_DETAILS,workspace_trailing_host,68,235,CELL,68,235,,PASS
L10,SCULPT_DETAILS,tool_rail_grab,56,64,RUN,56,27,CLIPPED,PASS
L10,SCULPT_DETAILS,tool_rail_clay,56,48,CELL,56,48,,PASS
L10,SCULPT_DETAILS,tool_rail_smooth,56,48,CELL,56,48,,PASS
L10,SCULPT_DETAILS,tool_rail_inflate,56,48,CELL,56,48,,PASS
L10,SCULPT_DETAILS,precision_toggle,56,48,CELL,56,48,,PASS
L10,SCULPT_DETAILS,objects_capsule,159,56,CELL,107,56,CLIPPED,PASS
L10,SCULPT_DETAILS,objects_capsule_active,99,48,CELL,99,48,,PASS
L10,SCULPT_CLOSE,toolbar_editing_group,231,56,CELL,214,56,CLIPPED,PASS
L10,SCULPT_CLOSE,back_to_construction,149,48,CELL,149,48,,PASS
L10,SCULPT_CLOSE,toolbar_utility_group,172.5,56,CELL,172.5,56,,PASS
L10,SCULPT_CLOSE,export_action,60.5,48,CELL,60.5,48,,PASS
L10,SCULPT_CLOSE,display_settings_button,48,48,CELL,48,48,,PASS
L10,SCULPT_CLOSE,hide_ui_toggle,48,48,CELL,48,48,,PASS
L10,SCULPT_CLOSE,brush_radius_slider,48,178,CELL,48,178,,PASS
L10,SCULPT_CLOSE,brush_strength_slider,48,178,CELL,48,178,,PASS
L10,SCULPT_CLOSE,workspace_trailing_host,68,235,CELL,68,235,,PASS
L10,SCULPT_CLOSE,tool_rail_grab,56,64,RUN,56,27,CLIPPED,PASS
L10,SCULPT_CLOSE,tool_rail_clay,56,48,CELL,56,48,,PASS
L10,SCULPT_CLOSE,tool_rail_smooth,56,48,CELL,56,48,,PASS
L10,SCULPT_CLOSE,tool_rail_inflate,56,48,CELL,56,48,,PASS
L10,SCULPT_CLOSE,precision_toggle,56,48,CELL,56,48,,PASS
L10,SCULPT_CLOSE,objects_capsule,159,56,CELL,107,56,CLIPPED,PASS
L10,SCULPT_CLOSE,objects_capsule_active,99,48,CELL,99,48,,PASS
L13,CONSTRUCTION_SHAPE_REST,toolbar_editing_group,289,56,CELL,289,56,,PASS
L13,CONSTRUCTION_SHAPE_REST,freeze_to_sculpt,154.5,48,CELL,154.5,48,,PASS
L13,CONSTRUCTION_SHAPE_REST,toolbar_utility_group,187,56,CELL,187,56,,PASS
L13,CONSTRUCTION_SHAPE_REST,export_action,75,48,CELL,75,48,,PASS
L13,CONSTRUCTION_SHAPE_REST,display_settings_button,48,48,CELL,48,48,,PASS
L13,CONSTRUCTION_SHAPE_REST,hide_ui_toggle,48,48,CELL,48,48,,PASS
L13,CONSTRUCTION_SHAPE_REST,workspace_trailing_host,68,235,CELL,68,162,CLIPPED,PASS
L13,CONSTRUCTION_SHAPE_REST,tool_rail_shape,56,48,CELL,56,48,,PASS
L13,CONSTRUCTION_SHAPE_REST,tool_rail_place,56,48,CELL,56,48,,PASS
L13,CONSTRUCTION_SHAPE_REST,precision_toggle,56,48,CELL,56,48,,PASS
L13,CONSTRUCTION_SHAPE_REST,objects_capsule,177,56,CELL,177,56,,PASS
L13,CONSTRUCTION_SHAPE_REST,objects_capsule_active,117,48,CELL,117,48,,PASS
L13,CONSTRUCTION_SHAPE_REST,objects_capsule_add,48,48,CELL,48,48,,PASS
L13,CONSTRUCTION_SHAPE_REST,history_group,108,56,CELL,108,56,,PASS
L13,CONSTRUCTION_SHAPE_REST,undo_action,48,48,CELL,48,48,,PASS
L13,CONSTRUCTION_SHAPE_REST,redo_action,48,48,CELL,48,48,,PASS
L13,TRANSFORM_MOVE_WORLD,toolbar_editing_group,289,56,CELL,289,56,,PASS
L13,TRANSFORM_MOVE_WORLD,freeze_to_sculpt,154.5,48,CELL,154.5,48,,PASS
L13,TRANSFORM_MOVE_WORLD,toolbar_utility_group,187,56,CELL,187,56,,PASS
L13,TRANSFORM_MOVE_WORLD,export_action,75,48,CELL,75,48,,PASS
L13,TRANSFORM_MOVE_WORLD,display_settings_button,48,48,CELL,48,48,,PASS
L13,TRANSFORM_MOVE_WORLD,hide_ui_toggle,48,48,CELL,48,48,,PASS
L13,TRANSFORM_MOVE_WORLD,workspace_trailing_host,68,235,CELL,68,235,,PASS
L13,TRANSFORM_MOVE_WORLD,transform_mode_move,56,48,CELL,56,21,CLIPPED,PASS
L13,TRANSFORM_MOVE_WORLD,transform_mode_rotate,56,48,CELL,56,48,,PASS
L13,TRANSFORM_MOVE_WORLD,transform_mode_scale,56,48,CELL,56,48,,PASS
L13,TRANSFORM_MOVE_WORLD,transform_space_world,56,48,CELL,56,48,,PASS
L13,TRANSFORM_MOVE_WORLD,transform_space_local,56,48,CELL,56,48,,PASS
L13,TRANSFORM_MOVE_WORLD,precision_toggle,56,48,CELL,56,8,CLIPPED,PASS
L13,TRANSFORM_MOVE_WORLD,objects_capsule,177,56,CELL,177,56,,PASS
L13,TRANSFORM_MOVE_WORLD,objects_capsule_active,117,48,CELL,117,48,,PASS
L13,TRANSFORM_MOVE_WORLD,objects_capsule_add,48,48,CELL,48,48,,PASS
L13,TRANSFORM_MOVE_WORLD,history_group,108,56,CELL,108,56,,PASS
L13,TRANSFORM_MOVE_WORLD,undo_action,48,48,CELL,48,48,,PASS
L13,TRANSFORM_MOVE_WORLD,redo_action,48,48,CELL,48,48,,PASS
L13,TRANSFORM_ROTATE_WORLD,toolbar_editing_group,289,56,CELL,289,56,,PASS
L13,TRANSFORM_ROTATE_WORLD,freeze_to_sculpt,154.5,48,CELL,154.5,48,,PASS
L13,TRANSFORM_ROTATE_WORLD,toolbar_utility_group,187,56,CELL,187,56,,PASS
L13,TRANSFORM_ROTATE_WORLD,export_action,75,48,CELL,75,48,,PASS
L13,TRANSFORM_ROTATE_WORLD,display_settings_button,48,48,CELL,48,48,,PASS
L13,TRANSFORM_ROTATE_WORLD,hide_ui_toggle,48,48,CELL,48,48,,PASS
L13,TRANSFORM_ROTATE_WORLD,workspace_trailing_host,68,235,CELL,68,235,,PASS
L13,TRANSFORM_ROTATE_WORLD,transform_mode_move,56,48,CELL,56,21,CLIPPED,PASS
L13,TRANSFORM_ROTATE_WORLD,transform_mode_rotate,56,48,CELL,56,48,,PASS
L13,TRANSFORM_ROTATE_WORLD,transform_mode_scale,56,48,CELL,56,48,,PASS
L13,TRANSFORM_ROTATE_WORLD,transform_space_world,56,48,CELL,56,48,,PASS
L13,TRANSFORM_ROTATE_WORLD,transform_space_local,56,48,CELL,56,48,,PASS
L13,TRANSFORM_ROTATE_WORLD,precision_toggle,56,48,CELL,56,8,CLIPPED,PASS
L13,TRANSFORM_ROTATE_WORLD,objects_capsule,177,56,CELL,177,56,,PASS
L13,TRANSFORM_ROTATE_WORLD,objects_capsule_active,117,48,CELL,117,48,,PASS
L13,TRANSFORM_ROTATE_WORLD,objects_capsule_add,48,48,CELL,48,48,,PASS
L13,TRANSFORM_ROTATE_WORLD,history_group,108,56,CELL,108,56,,PASS
L13,TRANSFORM_ROTATE_WORLD,undo_action,48,48,CELL,48,48,,PASS
L13,TRANSFORM_ROTATE_WORLD,redo_action,48,48,CELL,48,48,,PASS
L13,TRANSFORM_SCALE,toolbar_editing_group,289,56,CELL,289,56,,PASS
L13,TRANSFORM_SCALE,freeze_to_sculpt,154.5,48,CELL,154.5,48,,PASS
L13,TRANSFORM_SCALE,toolbar_utility_group,187,56,CELL,187,56,,PASS
L13,TRANSFORM_SCALE,export_action,75,48,CELL,75,48,,PASS
L13,TRANSFORM_SCALE,display_settings_button,48,48,CELL,48,48,,PASS
L13,TRANSFORM_SCALE,hide_ui_toggle,48,48,CELL,48,48,,PASS
L13,TRANSFORM_SCALE,workspace_trailing_host,68,235,CELL,68,235,,PASS
L13,TRANSFORM_SCALE,tool_rail_place,56,48,CELL,56,25,CLIPPED,PASS
L13,TRANSFORM_SCALE,transform_mode_move,56,48,CELL,56,48,,PASS
L13,TRANSFORM_SCALE,transform_mode_rotate,56,48,CELL,56,48,,PASS
L13,TRANSFORM_SCALE,transform_mode_scale,56,48,CELL,56,48,,PASS
L13,TRANSFORM_SCALE,precision_toggle,56,48,CELL,56,48,,PASS
L13,TRANSFORM_SCALE,objects_capsule,177,56,CELL,177,56,,PASS
L13,TRANSFORM_SCALE,objects_capsule_active,117,48,CELL,117,48,,PASS
L13,TRANSFORM_SCALE,objects_capsule_add,48,48,CELL,48,48,,PASS
L13,TRANSFORM_SCALE,history_group,108,56,CELL,108,56,,PASS
L13,TRANSFORM_SCALE,undo_action,48,48,CELL,48,48,,PASS
L13,TRANSFORM_SCALE,redo_action,48,48,CELL,48,48,,PASS
L13,TRANSFORM_MOVE_LOCAL,toolbar_editing_group,289,56,CELL,289,56,,PASS
L13,TRANSFORM_MOVE_LOCAL,freeze_to_sculpt,154.5,48,CELL,154.5,48,,PASS
L13,TRANSFORM_MOVE_LOCAL,toolbar_utility_group,187,56,CELL,187,56,,PASS
L13,TRANSFORM_MOVE_LOCAL,export_action,75,48,CELL,75,48,,PASS
L13,TRANSFORM_MOVE_LOCAL,display_settings_button,48,48,CELL,48,48,,PASS
L13,TRANSFORM_MOVE_LOCAL,hide_ui_toggle,48,48,CELL,48,48,,PASS
L13,TRANSFORM_MOVE_LOCAL,workspace_trailing_host,68,235,CELL,68,235,,PASS
L13,TRANSFORM_MOVE_LOCAL,tool_rail_place,56,48,CELL,56,25,CLIPPED,PASS
L13,TRANSFORM_MOVE_LOCAL,transform_mode_move,56,48,CELL,56,48,,PASS
L13,TRANSFORM_MOVE_LOCAL,transform_mode_rotate,56,48,CELL,56,48,,PASS
L13,TRANSFORM_MOVE_LOCAL,transform_mode_scale,56,48,CELL,56,48,,PASS
L13,TRANSFORM_MOVE_LOCAL,transform_space_world,56,48,CELL,56,48,,PASS
L13,TRANSFORM_MOVE_LOCAL,transform_space_local,56,48,CELL,56,4,CLIPPED,PASS
L13,TRANSFORM_MOVE_LOCAL,objects_capsule,177,56,CELL,177,56,,PASS
L13,TRANSFORM_MOVE_LOCAL,objects_capsule_active,117,48,CELL,117,48,,PASS
L13,TRANSFORM_MOVE_LOCAL,objects_capsule_add,48,48,CELL,48,48,,PASS
L13,TRANSFORM_MOVE_LOCAL,history_group,108,56,CELL,108,56,,PASS
L13,TRANSFORM_MOVE_LOCAL,undo_action,48,48,CELL,48,48,,PASS
L13,TRANSFORM_MOVE_LOCAL,redo_action,48,48,CELL,48,48,,PASS
L13,EXACT_OPEN,toolbar_editing_group,289,56,CELL,289,56,,PASS
L13,EXACT_OPEN,freeze_to_sculpt,154.5,48,CELL,154.5,48,,PASS
L13,EXACT_OPEN,toolbar_utility_group,187,56,CELL,187,56,,PASS
L13,EXACT_OPEN,export_action,75,48,CELL,75,48,,PASS
L13,EXACT_OPEN,display_settings_button,48,48,CELL,48,48,,PASS
L13,EXACT_OPEN,hide_ui_toggle,48,48,CELL,48,48,,PASS
L13,EXACT_OPEN,inspector_toggle,48,48,CELL,48,48,,PASS
L13,EXACT_OPEN,apply_transform,272,48,CELL,272,48,,PASS
L13,EXACT_OPEN,workspace_trailing_host,68,235,CELL,68,235,,PASS
L13,EXACT_OPEN,transform_mode_rotate,56,48,CELL,56,25,CLIPPED,PASS
L13,EXACT_OPEN,transform_mode_scale,56,48,CELL,56,48,,PASS
L13,EXACT_OPEN,transform_space_world,56,48,CELL,56,48,,PASS
L13,EXACT_OPEN,transform_space_local,56,48,CELL,56,48,,PASS
L13,EXACT_OPEN,precision_toggle,56,48,CELL,56,48,,PASS
L13,EXACT_OPEN,objects_capsule,177,56,CELL,177,56,,PASS
L13,EXACT_OPEN,objects_capsule_active,117,48,CELL,117,48,,PASS
L13,EXACT_OPEN,objects_capsule_add,48,48,CELL,48,48,,PASS
L13,EXACT_OPEN,history_group,108,56,CELL,108,56,,PASS
L13,EXACT_OPEN,undo_action,48,48,CELL,48,48,,PASS
L13,EXACT_OPEN,redo_action,48,48,CELL,48,48,,PASS
L13,EXACT_IME,toolbar_editing_group,289,56,CELL,289,56,,PASS
L13,EXACT_IME,freeze_to_sculpt,154.5,48,CELL,154.5,48,,PASS
L13,EXACT_IME,toolbar_utility_group,187,56,CELL,187,56,,PASS
L13,EXACT_IME,export_action,75,48,CELL,75,48,,PASS
L13,EXACT_IME,display_settings_button,48,48,CELL,48,48,,PASS
L13,EXACT_IME,hide_ui_toggle,48,48,CELL,48,48,,PASS
L13,EXACT_IME,inspector_toggle,48,48,CELL,48,48,,PASS
L13,EXACT_IME,field_pos_x,117,48,RUN,85,23,CLIPPED,PASS
L13,EXACT_IME,field_pos_y,117,48,RUN,85.5,23,CLIPPED,PASS
L13,EXACT_IME,field_pos_z,117,48,RUN,85.5,23,CLIPPED,PASS
L13,EXACT_IME,apply_transform,272,48,CELL,272,48,,PASS
L13,EXACT_IME,workspace_trailing_host,68,235,CELL,68,235,,PASS
L13,EXACT_IME,transform_mode_rotate,56,48,CELL,56,25,CLIPPED,PASS
L13,EXACT_IME,transform_mode_scale,56,48,CELL,56,48,,PASS
L13,EXACT_IME,transform_space_world,56,48,CELL,56,48,,PASS
L13,EXACT_IME,transform_space_local,56,48,CELL,56,48,,PASS
L13,EXACT_IME,precision_toggle,56,48,CELL,56,48,,PASS
L13,EXACT_IME,objects_capsule,177,56,CELL,177,56,,PASS
L13,EXACT_IME,objects_capsule_active,117,48,CELL,117,48,,PASS
L13,EXACT_IME,objects_capsule_add,48,48,CELL,48,48,,PASS
L13,EXACT_IME,history_group,108,56,CELL,108,56,,PASS
L13,EXACT_IME,undo_action,48,48,CELL,48,48,,PASS
L13,EXACT_IME,redo_action,48,48,CELL,48,48,,PASS
L13,EXACT_CLOSE,toolbar_editing_group,289,56,CELL,289,56,,PASS
L13,EXACT_CLOSE,freeze_to_sculpt,154.5,48,CELL,154.5,48,,PASS
L13,EXACT_CLOSE,toolbar_utility_group,187,56,CELL,187,56,,PASS
L13,EXACT_CLOSE,export_action,75,48,CELL,75,48,,PASS
L13,EXACT_CLOSE,display_settings_button,48,48,CELL,48,48,,PASS
L13,EXACT_CLOSE,hide_ui_toggle,48,48,CELL,48,48,,PASS
L13,EXACT_CLOSE,workspace_trailing_host,68,235,CELL,68,235,,PASS
L13,EXACT_CLOSE,transform_mode_rotate,56,48,CELL,56,25,CLIPPED,PASS
L13,EXACT_CLOSE,transform_mode_scale,56,48,CELL,56,48,,PASS
L13,EXACT_CLOSE,transform_space_world,56,48,CELL,56,48,,PASS
L13,EXACT_CLOSE,transform_space_local,56,48,CELL,56,48,,PASS
L13,EXACT_CLOSE,precision_toggle,56,48,CELL,56,48,,PASS
L13,EXACT_CLOSE,objects_capsule,177,56,CELL,177,56,,PASS
L13,EXACT_CLOSE,objects_capsule_active,117,48,CELL,117,48,,PASS
L13,EXACT_CLOSE,objects_capsule_add,48,48,CELL,48,48,,PASS
L13,EXACT_CLOSE,history_group,108,56,CELL,108,56,,PASS
L13,EXACT_CLOSE,undo_action,48,48,CELL,48,48,,PASS
L13,EXACT_CLOSE,redo_action,48,48,CELL,48,48,,PASS
L13,SCULPT_REST,toolbar_editing_group,289,56,CELL,274.5,56,CLIPPED,PASS
L13,SCULPT_REST,back_to_construction,197,48,CELL,197,48,,PASS
L13,SCULPT_REST,toolbar_utility_group,187,56,CELL,187,56,,PASS
L13,SCULPT_REST,export_action,75,48,CELL,75,48,,PASS
L13,SCULPT_REST,display_settings_button,48,48,CELL,48,48,,PASS
L13,SCULPT_REST,hide_ui_toggle,48,48,CELL,48,48,,PASS
L13,SCULPT_REST,brush_radius_slider,48,167,CELL,48,167,,PASS
L13,SCULPT_REST,brush_strength_slider,48,167,CELL,48,167,,PASS
L13,SCULPT_REST,workspace_trailing_host,68,235,CELL,68,235,,PASS
L13,SCULPT_REST,tool_rail_grab,56,64,RUN,56,27,CLIPPED,PASS
L13,SCULPT_REST,tool_rail_clay,56,48,CELL,56,48,,PASS
L13,SCULPT_REST,tool_rail_smooth,56,48,CELL,56,48,,PASS
L13,SCULPT_REST,tool_rail_inflate,56,48,CELL,56,48,,PASS
L13,SCULPT_REST,precision_toggle,56,48,CELL,56,48,,PASS
L13,SCULPT_REST,objects_capsule,177,56,CELL,125,56,CLIPPED,PASS
L13,SCULPT_REST,objects_capsule_active,117,48,CELL,117,48,,PASS
L13,SCULPT_DETAILS,toolbar_editing_group,289,56,CELL,274.5,56,CLIPPED,PASS
L13,SCULPT_DETAILS,back_to_construction,197,48,CELL,197,48,,PASS
L13,SCULPT_DETAILS,toolbar_utility_group,187,56,CELL,187,56,,PASS
L13,SCULPT_DETAILS,export_action,75,48,CELL,75,48,,PASS
L13,SCULPT_DETAILS,display_settings_button,48,48,CELL,48,48,,PASS
L13,SCULPT_DETAILS,hide_ui_toggle,48,48,CELL,48,48,,PASS
L13,SCULPT_DETAILS,brush_radius_slider,48,167,CELL,48,167,,PASS
L13,SCULPT_DETAILS,brush_strength_slider,48,167,CELL,48,167,,PASS
L13,SCULPT_DETAILS,inspector_toggle,48,48,CELL,48,48,,PASS
L13,SCULPT_DETAILS,freeze_again,272,48,CELL,272,48,,PASS
L13,SCULPT_DETAILS,workspace_trailing_host,68,235,CELL,68,235,,PASS
L13,SCULPT_DETAILS,tool_rail_grab,56,64,RUN,56,27,CLIPPED,PASS
L13,SCULPT_DETAILS,tool_rail_clay,56,48,CELL,56,48,,PASS
L13,SCULPT_DETAILS,tool_rail_smooth,56,48,CELL,56,48,,PASS
L13,SCULPT_DETAILS,tool_rail_inflate,56,48,CELL,56,48,,PASS
L13,SCULPT_DETAILS,precision_toggle,56,48,CELL,56,48,,PASS
L13,SCULPT_DETAILS,objects_capsule,177,56,CELL,125,56,CLIPPED,PASS
L13,SCULPT_DETAILS,objects_capsule_active,117,48,CELL,117,48,,PASS
L13,SCULPT_CLOSE,toolbar_editing_group,289,56,CELL,274.5,56,CLIPPED,PASS
L13,SCULPT_CLOSE,back_to_construction,197,48,CELL,197,48,,PASS
L13,SCULPT_CLOSE,toolbar_utility_group,187,56,CELL,187,56,,PASS
L13,SCULPT_CLOSE,export_action,75,48,CELL,75,48,,PASS
L13,SCULPT_CLOSE,display_settings_button,48,48,CELL,48,48,,PASS
L13,SCULPT_CLOSE,hide_ui_toggle,48,48,CELL,48,48,,PASS
L13,SCULPT_CLOSE,brush_radius_slider,48,167,CELL,48,167,,PASS
L13,SCULPT_CLOSE,brush_strength_slider,48,167,CELL,48,167,,PASS
L13,SCULPT_CLOSE,workspace_trailing_host,68,235,CELL,68,235,,PASS
L13,SCULPT_CLOSE,tool_rail_grab,56,64,RUN,56,27,CLIPPED,PASS
L13,SCULPT_CLOSE,tool_rail_clay,56,48,CELL,56,48,,PASS
L13,SCULPT_CLOSE,tool_rail_smooth,56,48,CELL,56,48,,PASS
L13,SCULPT_CLOSE,tool_rail_inflate,56,48,CELL,56,48,,PASS
L13,SCULPT_CLOSE,precision_toggle,56,48,CELL,56,48,,PASS
L13,SCULPT_CLOSE,objects_capsule,177,56,CELL,125,56,CLIPPED,PASS
L13,SCULPT_CLOSE,objects_capsule_active,117,48,CELL,117,48,,PASS
E10,CONSTRUCTION_SHAPE_REST,toolbar_editing_group,232,56,CELL,232,56,,PASS
E10,CONSTRUCTION_SHAPE_REST,freeze_to_sculpt,123,48,CELL,123,48,,PASS
E10,CONSTRUCTION_SHAPE_REST,toolbar_utility_group,174,56,CELL,174,56,,PASS
E10,CONSTRUCTION_SHAPE_REST,export_action,62,48,CELL,62,48,,PASS
E10,CONSTRUCTION_SHAPE_REST,display_settings_button,48,48,CELL,48,48,,PASS
E10,CONSTRUCTION_SHAPE_REST,hide_ui_toggle,48,48,CELL,48,48,,PASS
E10,CONSTRUCTION_SHAPE_REST,objects_dock,180,147,CELL,180,147,,PASS
E10,CONSTRUCTION_SHAPE_REST,object_row,152,48,CELL,152,48,,PASS
E10,CONSTRUCTION_SHAPE_REST,add_body,152,48,CELL,152,48,,PASS
E10,CONSTRUCTION_SHAPE_REST,workspace_trailing_host,68,448,CELL,68,194,CLIPPED,PASS
E10,CONSTRUCTION_SHAPE_REST,tool_rail_shape,56,64,CELL,56,64,,PASS
E10,CONSTRUCTION_SHAPE_REST,tool_rail_place,56,64,CELL,56,64,,PASS
E10,CONSTRUCTION_SHAPE_REST,precision_toggle,56,48,CELL,56,48,,PASS
E10,CONSTRUCTION_SHAPE_REST,history_group,108,56,CELL,108,56,,PASS
E10,CONSTRUCTION_SHAPE_REST,undo_action,48,48,CELL,48,48,,PASS
E10,CONSTRUCTION_SHAPE_REST,redo_action,48,48,CELL,48,48,,PASS
E10,TRANSFORM_MOVE_WORLD,toolbar_editing_group,232,56,CELL,232,56,,PASS
E10,TRANSFORM_MOVE_WORLD,freeze_to_sculpt,123,48,CELL,123,48,,PASS
E10,TRANSFORM_MOVE_WORLD,toolbar_utility_group,174,56,CELL,174,56,,PASS
E10,TRANSFORM_MOVE_WORLD,export_action,62,48,CELL,62,48,,PASS
E10,TRANSFORM_MOVE_WORLD,display_settings_button,48,48,CELL,48,48,,PASS
E10,TRANSFORM_MOVE_WORLD,hide_ui_toggle,48,48,CELL,48,48,,PASS
E10,TRANSFORM_MOVE_WORLD,objects_dock,180,147,CELL,180,147,,PASS
E10,TRANSFORM_MOVE_WORLD,object_row,152,48,CELL,152,48,,PASS
E10,TRANSFORM_MOVE_WORLD,add_body,152,48,CELL,152,48,,PASS
E10,TRANSFORM_MOVE_WORLD,workspace_trailing_host,68,448,CELL,68,448,,PASS
E10,TRANSFORM_MOVE_WORLD,tool_rail_shape,56,64,CELL,56,64,,PASS
E10,TRANSFORM_MOVE_WORLD,tool_rail_place,56,64,CELL,56,64,,PASS
E10,TRANSFORM_MOVE_WORLD,transform_mode_move,56,48,CELL,56,48,,PASS
E10,TRANSFORM_MOVE_WORLD,transform_mode_rotate,56,48,CELL,56,48,,PASS
E10,TRANSFORM_MOVE_WORLD,transform_mode_scale,56,48,CELL,56,48,,PASS
E10,TRANSFORM_MOVE_WORLD,transform_space_world,56,48,CELL,56,48,,PASS
E10,TRANSFORM_MOVE_WORLD,transform_space_local,56,48,CELL,56,48,,PASS
E10,TRANSFORM_MOVE_WORLD,precision_toggle,56,48,CELL,56,48,,PASS
E10,TRANSFORM_MOVE_WORLD,history_group,108,56,CELL,108,56,,PASS
E10,TRANSFORM_MOVE_WORLD,undo_action,48,48,CELL,48,48,,PASS
E10,TRANSFORM_MOVE_WORLD,redo_action,48,48,CELL,48,48,,PASS
E10,TRANSFORM_ROTATE_WORLD,toolbar_editing_group,232,56,CELL,232,56,,PASS
E10,TRANSFORM_ROTATE_WORLD,freeze_to_sculpt,123,48,CELL,123,48,,PASS
E10,TRANSFORM_ROTATE_WORLD,toolbar_utility_group,174,56,CELL,174,56,,PASS
E10,TRANSFORM_ROTATE_WORLD,export_action,62,48,CELL,62,48,,PASS
E10,TRANSFORM_ROTATE_WORLD,display_settings_button,48,48,CELL,48,48,,PASS
E10,TRANSFORM_ROTATE_WORLD,hide_ui_toggle,48,48,CELL,48,48,,PASS
E10,TRANSFORM_ROTATE_WORLD,objects_dock,180,147,CELL,180,147,,PASS
E10,TRANSFORM_ROTATE_WORLD,object_row,152,48,CELL,152,48,,PASS
E10,TRANSFORM_ROTATE_WORLD,add_body,152,48,CELL,152,48,,PASS
E10,TRANSFORM_ROTATE_WORLD,workspace_trailing_host,68,448,CELL,68,448,,PASS
E10,TRANSFORM_ROTATE_WORLD,tool_rail_shape,56,64,CELL,56,64,,PASS
E10,TRANSFORM_ROTATE_WORLD,tool_rail_place,56,64,CELL,56,64,,PASS
E10,TRANSFORM_ROTATE_WORLD,transform_mode_move,56,48,CELL,56,48,,PASS
E10,TRANSFORM_ROTATE_WORLD,transform_mode_rotate,56,48,CELL,56,48,,PASS
E10,TRANSFORM_ROTATE_WORLD,transform_mode_scale,56,48,CELL,56,48,,PASS
E10,TRANSFORM_ROTATE_WORLD,transform_space_world,56,48,CELL,56,48,,PASS
E10,TRANSFORM_ROTATE_WORLD,transform_space_local,56,48,CELL,56,48,,PASS
E10,TRANSFORM_ROTATE_WORLD,precision_toggle,56,48,CELL,56,48,,PASS
E10,TRANSFORM_ROTATE_WORLD,history_group,108,56,CELL,108,56,,PASS
E10,TRANSFORM_ROTATE_WORLD,undo_action,48,48,CELL,48,48,,PASS
E10,TRANSFORM_ROTATE_WORLD,redo_action,48,48,CELL,48,48,,PASS
E10,TRANSFORM_SCALE,toolbar_editing_group,232,56,CELL,232,56,,PASS
E10,TRANSFORM_SCALE,freeze_to_sculpt,123,48,CELL,123,48,,PASS
E10,TRANSFORM_SCALE,toolbar_utility_group,174,56,CELL,174,56,,PASS
E10,TRANSFORM_SCALE,export_action,62,48,CELL,62,48,,PASS
E10,TRANSFORM_SCALE,display_settings_button,48,48,CELL,48,48,,PASS
E10,TRANSFORM_SCALE,hide_ui_toggle,48,48,CELL,48,48,,PASS
E10,TRANSFORM_SCALE,objects_dock,180,147,CELL,180,147,,PASS
E10,TRANSFORM_SCALE,object_row,152,48,CELL,152,48,,PASS
E10,TRANSFORM_SCALE,add_body,152,48,CELL,152,48,,PASS
E10,TRANSFORM_SCALE,workspace_trailing_host,68,448,CELL,68,346,CLIPPED,PASS
E10,TRANSFORM_SCALE,tool_rail_shape,56,64,CELL,56,64,,PASS
E10,TRANSFORM_SCALE,tool_rail_place,56,64,CELL,56,64,,PASS
E10,TRANSFORM_SCALE,transform_mode_move,56,48,CELL,56,48,,PASS
E10,TRANSFORM_SCALE,transform_mode_rotate,56,48,CELL,56,48,,PASS
E10,TRANSFORM_SCALE,transform_mode_scale,56,48,CELL,56,48,,PASS
E10,TRANSFORM_SCALE,precision_toggle,56,48,CELL,56,48,,PASS
E10,TRANSFORM_SCALE,history_group,108,56,CELL,108,56,,PASS
E10,TRANSFORM_SCALE,undo_action,48,48,CELL,48,48,,PASS
E10,TRANSFORM_SCALE,redo_action,48,48,CELL,48,48,,PASS
E10,TRANSFORM_MOVE_LOCAL,toolbar_editing_group,232,56,CELL,232,56,,PASS
E10,TRANSFORM_MOVE_LOCAL,freeze_to_sculpt,123,48,CELL,123,48,,PASS
E10,TRANSFORM_MOVE_LOCAL,toolbar_utility_group,174,56,CELL,174,56,,PASS
E10,TRANSFORM_MOVE_LOCAL,export_action,62,48,CELL,62,48,,PASS
E10,TRANSFORM_MOVE_LOCAL,display_settings_button,48,48,CELL,48,48,,PASS
E10,TRANSFORM_MOVE_LOCAL,hide_ui_toggle,48,48,CELL,48,48,,PASS
E10,TRANSFORM_MOVE_LOCAL,objects_dock,180,147,CELL,180,147,,PASS
E10,TRANSFORM_MOVE_LOCAL,object_row,152,48,CELL,152,48,,PASS
E10,TRANSFORM_MOVE_LOCAL,add_body,152,48,CELL,152,48,,PASS
E10,TRANSFORM_MOVE_LOCAL,workspace_trailing_host,68,448,CELL,68,448,,PASS
E10,TRANSFORM_MOVE_LOCAL,tool_rail_shape,56,64,CELL,56,64,,PASS
E10,TRANSFORM_MOVE_LOCAL,tool_rail_place,56,64,CELL,56,64,,PASS
E10,TRANSFORM_MOVE_LOCAL,transform_mode_move,56,48,CELL,56,48,,PASS
E10,TRANSFORM_MOVE_LOCAL,transform_mode_rotate,56,48,CELL,56,48,,PASS
E10,TRANSFORM_MOVE_LOCAL,transform_mode_scale,56,48,CELL,56,48,,PASS
E10,TRANSFORM_MOVE_LOCAL,transform_space_world,56,48,CELL,56,48,,PASS
E10,TRANSFORM_MOVE_LOCAL,transform_space_local,56,48,CELL,56,48,,PASS
E10,TRANSFORM_MOVE_LOCAL,precision_toggle,56,48,CELL,56,48,,PASS
E10,TRANSFORM_MOVE_LOCAL,history_group,108,56,CELL,108,56,,PASS
E10,TRANSFORM_MOVE_LOCAL,undo_action,48,48,CELL,48,48,,PASS
E10,TRANSFORM_MOVE_LOCAL,redo_action,48,48,CELL,48,48,,PASS
E10,EXACT_OPEN,toolbar_editing_group,232,56,CELL,232,56,,PASS
E10,EXACT_OPEN,freeze_to_sculpt,123,48,CELL,123,48,,PASS
E10,EXACT_OPEN,toolbar_utility_group,174,56,CELL,174,56,,PASS
E10,EXACT_OPEN,export_action,62,48,CELL,62,48,,PASS
E10,EXACT_OPEN,display_settings_button,48,48,CELL,48,48,,PASS
E10,EXACT_OPEN,hide_ui_toggle,48,48,CELL,48,48,,PASS
E10,EXACT_OPEN,objects_dock,180,147,CELL,180,147,,PASS
E10,EXACT_OPEN,object_row,152,48,CELL,152,48,,PASS
E10,EXACT_OPEN,add_body,152,48,CELL,152,48,,PASS
E10,EXACT_OPEN,inspector_toggle,48,48,CELL,48,48,,PASS
E10,EXACT_OPEN,field_pos_x,98,48,CELL,98,48,,PASS
E10,EXACT_OPEN,field_pos_y,99,48,CELL,99,48,,PASS
E10,EXACT_OPEN,field_pos_z,99,48,CELL,99,48,,PASS
E10,EXACT_OPEN,unit_chip_mm,101,48,CELL,101,48,,PASS
E10,EXACT_OPEN,unit_chip_cm,101,48,CELL,101,48,,PASS
E10,EXACT_OPEN,unit_chip_m,102,48,CELL,102,48,,PASS
E10,EXACT_OPEN,field_rot_x,98,48,CELL,98,48,,PASS
E10,EXACT_OPEN,field_rot_y,99,48,CELL,99,48,,PASS
E10,EXACT_OPEN,field_rot_z,99,48,CELL,99,48,,PASS
E10,EXACT_OPEN,field_scale_x,98,48,CELL,98,48,,PASS
E10,EXACT_OPEN,field_scale_y,99,48,CELL,99,48,,PASS
E10,EXACT_OPEN,field_scale_z,99,48,CELL,99,48,,PASS
E10,EXACT_OPEN,apply_transform,312,48,CELL,312,48,,PASS
E10,EXACT_OPEN,workspace_trailing_host,68,448,CELL,68,448,,PASS
E10,EXACT_OPEN,tool_rail_shape,56,64,CELL,56,64,,PASS
E10,EXACT_OPEN,tool_rail_place,56,64,CELL,56,64,,PASS
E10,EXACT_OPEN,transform_mode_move,56,48,CELL,56,48,,PASS
E10,EXACT_OPEN,transform_mode_rotate,56,48,CELL,56,48,,PASS
E10,EXACT_OPEN,transform_mode_scale,56,48,CELL,56,48,,PASS
E10,EXACT_OPEN,transform_space_world,56,48,CELL,56,48,,PASS
E10,EXACT_OPEN,transform_space_local,56,48,CELL,56,48,,PASS
E10,EXACT_OPEN,precision_toggle,56,48,CELL,56,48,,PASS
E10,EXACT_OPEN,history_group,108,56,CELL,108,56,,PASS
E10,EXACT_OPEN,undo_action,48,48,CELL,48,48,,PASS
E10,EXACT_OPEN,redo_action,48,48,CELL,48,48,,PASS
E10,EXACT_IME,toolbar_editing_group,232,56,CELL,232,56,,PASS
E10,EXACT_IME,freeze_to_sculpt,123,48,CELL,123,48,,PASS
E10,EXACT_IME,toolbar_utility_group,174,56,CELL,174,56,,PASS
E10,EXACT_IME,export_action,62,48,CELL,62,48,,PASS
E10,EXACT_IME,display_settings_button,48,48,CELL,48,48,,PASS
E10,EXACT_IME,hide_ui_toggle,48,48,CELL,48,48,,PASS
E10,EXACT_IME,objects_dock,180,147,CELL,180,147,,PASS
E10,EXACT_IME,object_row,152,48,CELL,152,48,,PASS
E10,EXACT_IME,add_body,152,48,CELL,152,48,,PASS
E10,EXACT_IME,inspector_toggle,48,48,CELL,48,48,,PASS
E10,EXACT_IME,field_pos_x,98,48,CELL,98,48,,PASS
E10,EXACT_IME,field_pos_y,99,48,CELL,99,48,,PASS
E10,EXACT_IME,field_pos_z,99,48,CELL,99,48,,PASS
E10,EXACT_IME,unit_chip_mm,101,48,CELL,101,48,,PASS
E10,EXACT_IME,unit_chip_cm,101,48,CELL,101,48,,PASS
E10,EXACT_IME,unit_chip_m,102,48,CELL,102,48,,PASS
E10,EXACT_IME,field_rot_x,98,48,CELL,98,48,,PASS
E10,EXACT_IME,field_rot_y,99,48,CELL,99,48,,PASS
E10,EXACT_IME,field_rot_z,99,48,CELL,99,48,,PASS
E10,EXACT_IME,field_scale_x,98,48,CELL,98,48,,PASS
E10,EXACT_IME,field_scale_y,99,48,CELL,99,48,,PASS
E10,EXACT_IME,field_scale_z,99,48,CELL,99,48,,PASS
E10,EXACT_IME,apply_transform,312,48,CELL,312,48,,PASS
E10,EXACT_IME,workspace_trailing_host,68,448,CELL,68,448,,PASS
E10,EXACT_IME,tool_rail_shape,56,64,CELL,56,64,,PASS
E10,EXACT_IME,tool_rail_place,56,64,CELL,56,64,,PASS
E10,EXACT_IME,transform_mode_move,56,48,CELL,56,48,,PASS
E10,EXACT_IME,transform_mode_rotate,56,48,CELL,56,48,,PASS
E10,EXACT_IME,transform_mode_scale,56,48,CELL,56,48,,PASS
E10,EXACT_IME,transform_space_world,56,48,CELL,56,48,,PASS
E10,EXACT_IME,transform_space_local,56,48,CELL,56,48,,PASS
E10,EXACT_IME,precision_toggle,56,48,CELL,56,48,,PASS
E10,EXACT_IME,history_group,108,56,CELL,108,56,,PASS
E10,EXACT_IME,undo_action,48,48,CELL,48,48,,PASS
E10,EXACT_IME,redo_action,48,48,CELL,48,48,,PASS
E10,EXACT_CLOSE,toolbar_editing_group,232,56,CELL,232,56,,PASS
E10,EXACT_CLOSE,freeze_to_sculpt,123,48,CELL,123,48,,PASS
E10,EXACT_CLOSE,toolbar_utility_group,174,56,CELL,174,56,,PASS
E10,EXACT_CLOSE,export_action,62,48,CELL,62,48,,PASS
E10,EXACT_CLOSE,display_settings_button,48,48,CELL,48,48,,PASS
E10,EXACT_CLOSE,hide_ui_toggle,48,48,CELL,48,48,,PASS
E10,EXACT_CLOSE,objects_dock,180,147,CELL,180,147,,PASS
E10,EXACT_CLOSE,object_row,152,48,CELL,152,48,,PASS
E10,EXACT_CLOSE,add_body,152,48,CELL,152,48,,PASS
E10,EXACT_CLOSE,workspace_trailing_host,68,448,CELL,68,448,,PASS
E10,EXACT_CLOSE,tool_rail_shape,56,64,CELL,56,64,,PASS
E10,EXACT_CLOSE,tool_rail_place,56,64,CELL,56,64,,PASS
E10,EXACT_CLOSE,transform_mode_move,56,48,CELL,56,48,,PASS
E10,EXACT_CLOSE,transform_mode_rotate,56,48,CELL,56,48,,PASS
E10,EXACT_CLOSE,transform_mode_scale,56,48,CELL,56,48,,PASS
E10,EXACT_CLOSE,transform_space_world,56,48,CELL,56,48,,PASS
E10,EXACT_CLOSE,transform_space_local,56,48,CELL,56,48,,PASS
E10,EXACT_CLOSE,precision_toggle,56,48,CELL,56,48,,PASS
E10,EXACT_CLOSE,history_group,108,56,CELL,108,56,,PASS
E10,EXACT_CLOSE,undo_action,48,48,CELL,48,48,,PASS
E10,EXACT_CLOSE,redo_action,48,48,CELL,48,48,,PASS
E10,SCULPT_REST,toolbar_editing_group,232,56,CELL,215,56,CLIPPED,PASS
E10,SCULPT_REST,back_to_construction,151,48,CELL,151,48,,PASS
E10,SCULPT_REST,toolbar_utility_group,174,56,CELL,174,56,,PASS
E10,SCULPT_REST,export_action,62,48,CELL,62,48,,PASS
E10,SCULPT_REST,display_settings_button,48,48,CELL,48,48,,PASS
E10,SCULPT_REST,hide_ui_toggle,48,48,CELL,48,48,,PASS
E10,SCULPT_REST,brush_radius_slider,48,200,CELL,48,200,,PASS
E10,SCULPT_REST,brush_strength_slider,48,200,CELL,48,200,,PASS
E10,SCULPT_REST,workspace_trailing_host,68,448,CELL,68,326,CLIPPED,PASS
E10,SCULPT_REST,tool_rail_grab,56,64,CELL,56,64,,PASS
E10,SCULPT_REST,tool_rail_clay,56,64,CELL,56,64,,PASS
E10,SCULPT_REST,tool_rail_smooth,56,64,CELL,56,64,,PASS
E10,SCULPT_REST,tool_rail_inflate,56,64,CELL,56,64,,PASS
E10,SCULPT_REST,precision_toggle,56,48,CELL,56,48,,PASS
E10,SCULPT_REST,objects_capsule,108,56,CELL,108,56,,PASS
E10,SCULPT_REST,objects_capsule_active,100,48,CELL,100,48,,PASS
E10,SCULPT_DETAILS,toolbar_editing_group,232,56,CELL,215,56,CLIPPED,PASS
E10,SCULPT_DETAILS,back_to_construction,151,48,CELL,151,48,,PASS
E10,SCULPT_DETAILS,toolbar_utility_group,174,56,CELL,174,56,,PASS
E10,SCULPT_DETAILS,export_action,62,48,CELL,62,48,,PASS
E10,SCULPT_DETAILS,display_settings_button,48,48,CELL,48,48,,PASS
E10,SCULPT_DETAILS,hide_ui_toggle,48,48,CELL,48,48,,PASS
E10,SCULPT_DETAILS,brush_radius_slider,48,200,CELL,48,200,,PASS
E10,SCULPT_DETAILS,brush_strength_slider,48,200,CELL,48,200,,PASS
E10,SCULPT_DETAILS,inspector_toggle,48,48,CELL,48,48,,PASS
E10,SCULPT_DETAILS,freeze_again,312,48,CELL,312,48,,PASS
E10,SCULPT_DETAILS,workspace_trailing_host,68,448,CELL,68,326,CLIPPED,PASS
E10,SCULPT_DETAILS,tool_rail_grab,56,64,CELL,56,64,,PASS
E10,SCULPT_DETAILS,tool_rail_clay,56,64,CELL,56,64,,PASS
E10,SCULPT_DETAILS,tool_rail_smooth,56,64,CELL,56,64,,PASS
E10,SCULPT_DETAILS,tool_rail_inflate,56,64,CELL,56,64,,PASS
E10,SCULPT_DETAILS,precision_toggle,56,48,CELL,56,48,,PASS
E10,SCULPT_DETAILS,objects_capsule,108,56,CELL,108,56,,PASS
E10,SCULPT_DETAILS,objects_capsule_active,100,48,CELL,100,48,,PASS
E10,SCULPT_CLOSE,toolbar_editing_group,232,56,CELL,215,56,CLIPPED,PASS
E10,SCULPT_CLOSE,back_to_construction,151,48,CELL,151,48,,PASS
E10,SCULPT_CLOSE,toolbar_utility_group,174,56,CELL,174,56,,PASS
E10,SCULPT_CLOSE,export_action,62,48,CELL,62,48,,PASS
E10,SCULPT_CLOSE,display_settings_button,48,48,CELL,48,48,,PASS
E10,SCULPT_CLOSE,hide_ui_toggle,48,48,CELL,48,48,,PASS
E10,SCULPT_CLOSE,brush_radius_slider,48,200,CELL,48,200,,PASS
E10,SCULPT_CLOSE,brush_strength_slider,48,200,CELL,48,200,,PASS
E10,SCULPT_CLOSE,workspace_trailing_host,68,448,CELL,68,326,CLIPPED,PASS
E10,SCULPT_CLOSE,tool_rail_grab,56,64,CELL,56,64,,PASS
E10,SCULPT_CLOSE,tool_rail_clay,56,64,CELL,56,64,,PASS
E10,SCULPT_CLOSE,tool_rail_smooth,56,64,CELL,56,64,,PASS
E10,SCULPT_CLOSE,tool_rail_inflate,56,64,CELL,56,64,,PASS
E10,SCULPT_CLOSE,precision_toggle,56,48,CELL,56,48,,PASS
E10,SCULPT_CLOSE,objects_capsule,108,56,CELL,108,56,,PASS
E10,SCULPT_CLOSE,objects_capsule_active,100,48,CELL,100,48,,PASS
E13,CONSTRUCTION_SHAPE_REST,toolbar_editing_group,293,56,CELL,293,56,,PASS
E13,CONSTRUCTION_SHAPE_REST,freeze_to_sculpt,157,48,CELL,157,48,,PASS
E13,CONSTRUCTION_SHAPE_REST,toolbar_utility_group,187,56,CELL,187,56,,PASS
E13,CONSTRUCTION_SHAPE_REST,export_action,75,48,CELL,75,48,,PASS
E13,CONSTRUCTION_SHAPE_REST,display_settings_button,48,48,CELL,48,48,,PASS
E13,CONSTRUCTION_SHAPE_REST,hide_ui_toggle,48,48,CELL,48,48,,PASS
E13,CONSTRUCTION_SHAPE_REST,objects_dock,180,151,CELL,180,151,,PASS
E13,CONSTRUCTION_SHAPE_REST,object_row,152,48,CELL,152,48,,PASS
E13,CONSTRUCTION_SHAPE_REST,add_body,152,48,CELL,152,48,,PASS
E13,CONSTRUCTION_SHAPE_REST,workspace_trailing_host,68,448,CELL,68,194,CLIPPED,PASS
E13,CONSTRUCTION_SHAPE_REST,tool_rail_shape,56,64,CELL,56,64,,PASS
E13,CONSTRUCTION_SHAPE_REST,tool_rail_place,56,64,CELL,56,64,,PASS
E13,CONSTRUCTION_SHAPE_REST,precision_toggle,56,48,CELL,56,48,,PASS
E13,CONSTRUCTION_SHAPE_REST,history_group,108,56,CELL,108,56,,PASS
E13,CONSTRUCTION_SHAPE_REST,undo_action,48,48,CELL,48,48,,PASS
E13,CONSTRUCTION_SHAPE_REST,redo_action,48,48,CELL,48,48,,PASS
E13,TRANSFORM_MOVE_WORLD,toolbar_editing_group,293,56,CELL,293,56,,PASS
E13,TRANSFORM_MOVE_WORLD,freeze_to_sculpt,157,48,CELL,157,48,,PASS
E13,TRANSFORM_MOVE_WORLD,toolbar_utility_group,187,56,CELL,187,56,,PASS
E13,TRANSFORM_MOVE_WORLD,export_action,75,48,CELL,75,48,,PASS
E13,TRANSFORM_MOVE_WORLD,display_settings_button,48,48,CELL,48,48,,PASS
E13,TRANSFORM_MOVE_WORLD,hide_ui_toggle,48,48,CELL,48,48,,PASS
E13,TRANSFORM_MOVE_WORLD,objects_dock,180,151,CELL,180,151,,PASS
E13,TRANSFORM_MOVE_WORLD,object_row,152,48,CELL,152,48,,PASS
E13,TRANSFORM_MOVE_WORLD,add_body,152,48,CELL,152,48,,PASS
E13,TRANSFORM_MOVE_WORLD,workspace_trailing_host,68,448,CELL,68,448,,PASS
E13,TRANSFORM_MOVE_WORLD,tool_rail_shape,56,64,CELL,56,64,,PASS
E13,TRANSFORM_MOVE_WORLD,tool_rail_place,56,64,CELL,56,64,,PASS
E13,TRANSFORM_MOVE_WORLD,transform_mode_move,56,48,CELL,56,48,,PASS
E13,TRANSFORM_MOVE_WORLD,transform_mode_rotate,56,48,CELL,56,48,,PASS
E13,TRANSFORM_MOVE_WORLD,transform_mode_scale,56,48,CELL,56,48,,PASS
E13,TRANSFORM_MOVE_WORLD,transform_space_world,56,48,CELL,56,48,,PASS
E13,TRANSFORM_MOVE_WORLD,transform_space_local,56,48,CELL,56,48,,PASS
E13,TRANSFORM_MOVE_WORLD,precision_toggle,56,48,CELL,56,48,,PASS
E13,TRANSFORM_MOVE_WORLD,history_group,108,56,CELL,108,56,,PASS
E13,TRANSFORM_MOVE_WORLD,undo_action,48,48,CELL,48,48,,PASS
E13,TRANSFORM_MOVE_WORLD,redo_action,48,48,CELL,48,48,,PASS
E13,TRANSFORM_ROTATE_WORLD,toolbar_editing_group,293,56,CELL,293,56,,PASS
E13,TRANSFORM_ROTATE_WORLD,freeze_to_sculpt,157,48,CELL,157,48,,PASS
E13,TRANSFORM_ROTATE_WORLD,toolbar_utility_group,187,56,CELL,187,56,,PASS
E13,TRANSFORM_ROTATE_WORLD,export_action,75,48,CELL,75,48,,PASS
E13,TRANSFORM_ROTATE_WORLD,display_settings_button,48,48,CELL,48,48,,PASS
E13,TRANSFORM_ROTATE_WORLD,hide_ui_toggle,48,48,CELL,48,48,,PASS
E13,TRANSFORM_ROTATE_WORLD,objects_dock,180,151,CELL,180,151,,PASS
E13,TRANSFORM_ROTATE_WORLD,object_row,152,48,CELL,152,48,,PASS
E13,TRANSFORM_ROTATE_WORLD,add_body,152,48,CELL,152,48,,PASS
E13,TRANSFORM_ROTATE_WORLD,workspace_trailing_host,68,448,CELL,68,448,,PASS
E13,TRANSFORM_ROTATE_WORLD,tool_rail_shape,56,64,CELL,56,64,,PASS
E13,TRANSFORM_ROTATE_WORLD,tool_rail_place,56,64,CELL,56,64,,PASS
E13,TRANSFORM_ROTATE_WORLD,transform_mode_move,56,48,CELL,56,48,,PASS
E13,TRANSFORM_ROTATE_WORLD,transform_mode_rotate,56,48,CELL,56,48,,PASS
E13,TRANSFORM_ROTATE_WORLD,transform_mode_scale,56,48,CELL,56,48,,PASS
E13,TRANSFORM_ROTATE_WORLD,transform_space_world,56,48,CELL,56,48,,PASS
E13,TRANSFORM_ROTATE_WORLD,transform_space_local,56,48,CELL,56,48,,PASS
E13,TRANSFORM_ROTATE_WORLD,precision_toggle,56,48,CELL,56,48,,PASS
E13,TRANSFORM_ROTATE_WORLD,history_group,108,56,CELL,108,56,,PASS
E13,TRANSFORM_ROTATE_WORLD,undo_action,48,48,CELL,48,48,,PASS
E13,TRANSFORM_ROTATE_WORLD,redo_action,48,48,CELL,48,48,,PASS
E13,TRANSFORM_SCALE,toolbar_editing_group,293,56,CELL,293,56,,PASS
E13,TRANSFORM_SCALE,freeze_to_sculpt,157,48,CELL,157,48,,PASS
E13,TRANSFORM_SCALE,toolbar_utility_group,187,56,CELL,187,56,,PASS
E13,TRANSFORM_SCALE,export_action,75,48,CELL,75,48,,PASS
E13,TRANSFORM_SCALE,display_settings_button,48,48,CELL,48,48,,PASS
E13,TRANSFORM_SCALE,hide_ui_toggle,48,48,CELL,48,48,,PASS
E13,TRANSFORM_SCALE,objects_dock,180,151,CELL,180,151,,PASS
E13,TRANSFORM_SCALE,object_row,152,48,CELL,152,48,,PASS
E13,TRANSFORM_SCALE,add_body,152,48,CELL,152,48,,PASS
E13,TRANSFORM_SCALE,workspace_trailing_host,68,448,CELL,68,346,CLIPPED,PASS
E13,TRANSFORM_SCALE,tool_rail_shape,56,64,CELL,56,64,,PASS
E13,TRANSFORM_SCALE,tool_rail_place,56,64,CELL,56,64,,PASS
E13,TRANSFORM_SCALE,transform_mode_move,56,48,CELL,56,48,,PASS
E13,TRANSFORM_SCALE,transform_mode_rotate,56,48,CELL,56,48,,PASS
E13,TRANSFORM_SCALE,transform_mode_scale,56,48,CELL,56,48,,PASS
E13,TRANSFORM_SCALE,precision_toggle,56,48,CELL,56,48,,PASS
E13,TRANSFORM_SCALE,history_group,108,56,CELL,108,56,,PASS
E13,TRANSFORM_SCALE,undo_action,48,48,CELL,48,48,,PASS
E13,TRANSFORM_SCALE,redo_action,48,48,CELL,48,48,,PASS
E13,TRANSFORM_MOVE_LOCAL,toolbar_editing_group,293,56,CELL,293,56,,PASS
E13,TRANSFORM_MOVE_LOCAL,freeze_to_sculpt,157,48,CELL,157,48,,PASS
E13,TRANSFORM_MOVE_LOCAL,toolbar_utility_group,187,56,CELL,187,56,,PASS
E13,TRANSFORM_MOVE_LOCAL,export_action,75,48,CELL,75,48,,PASS
E13,TRANSFORM_MOVE_LOCAL,display_settings_button,48,48,CELL,48,48,,PASS
E13,TRANSFORM_MOVE_LOCAL,hide_ui_toggle,48,48,CELL,48,48,,PASS
E13,TRANSFORM_MOVE_LOCAL,objects_dock,180,151,CELL,180,151,,PASS
E13,TRANSFORM_MOVE_LOCAL,object_row,152,48,CELL,152,48,,PASS
E13,TRANSFORM_MOVE_LOCAL,add_body,152,48,CELL,152,48,,PASS
E13,TRANSFORM_MOVE_LOCAL,workspace_trailing_host,68,448,CELL,68,448,,PASS
E13,TRANSFORM_MOVE_LOCAL,tool_rail_shape,56,64,CELL,56,64,,PASS
E13,TRANSFORM_MOVE_LOCAL,tool_rail_place,56,64,CELL,56,64,,PASS
E13,TRANSFORM_MOVE_LOCAL,transform_mode_move,56,48,CELL,56,48,,PASS
E13,TRANSFORM_MOVE_LOCAL,transform_mode_rotate,56,48,CELL,56,48,,PASS
E13,TRANSFORM_MOVE_LOCAL,transform_mode_scale,56,48,CELL,56,48,,PASS
E13,TRANSFORM_MOVE_LOCAL,transform_space_world,56,48,CELL,56,48,,PASS
E13,TRANSFORM_MOVE_LOCAL,transform_space_local,56,48,CELL,56,48,,PASS
E13,TRANSFORM_MOVE_LOCAL,precision_toggle,56,48,CELL,56,48,,PASS
E13,TRANSFORM_MOVE_LOCAL,history_group,108,56,CELL,108,56,,PASS
E13,TRANSFORM_MOVE_LOCAL,undo_action,48,48,CELL,48,48,,PASS
E13,TRANSFORM_MOVE_LOCAL,redo_action,48,48,CELL,48,48,,PASS
E13,EXACT_OPEN,toolbar_editing_group,293,56,CELL,293,56,,PASS
E13,EXACT_OPEN,freeze_to_sculpt,157,48,CELL,157,48,,PASS
E13,EXACT_OPEN,toolbar_utility_group,187,56,CELL,187,56,,PASS
E13,EXACT_OPEN,export_action,75,48,CELL,75,48,,PASS
E13,EXACT_OPEN,display_settings_button,48,48,CELL,48,48,,PASS
E13,EXACT_OPEN,hide_ui_toggle,48,48,CELL,48,48,,PASS
E13,EXACT_OPEN,objects_dock,180,151,CELL,180,151,,PASS
E13,EXACT_OPEN,object_row,152,48,CELL,152,48,,PASS
E13,EXACT_OPEN,add_body,152,48,CELL,152,48,,PASS
E13,EXACT_OPEN,inspector_toggle,48,48,CELL,48,48,,PASS
E13,EXACT_OPEN,field_pos_x,98,48,CELL,98,48,,PASS
E13,EXACT_OPEN,field_pos_y,99,48,CELL,99,48,,PASS
E13,EXACT_OPEN,field_pos_z,99,48,CELL,99,48,,PASS
E13,EXACT_OPEN,unit_chip_mm,101,48,CELL,101,48,,PASS
E13,EXACT_OPEN,unit_chip_cm,101,48,CELL,101,48,,PASS
E13,EXACT_OPEN,unit_chip_m,102,48,CELL,102,48,,PASS
E13,EXACT_OPEN,field_rot_x,98,48,CELL,98,48,,PASS
E13,EXACT_OPEN,field_rot_y,99,48,CELL,99,48,,PASS
E13,EXACT_OPEN,field_rot_z,99,48,CELL,99,48,,PASS
E13,EXACT_OPEN,field_scale_x,98,48,CELL,98,48,,PASS
E13,EXACT_OPEN,field_scale_y,99,48,CELL,99,48,,PASS
E13,EXACT_OPEN,field_scale_z,99,48,CELL,99,48,,PASS
E13,EXACT_OPEN,apply_transform,312,48,CELL,312,48,,PASS
E13,EXACT_OPEN,workspace_trailing_host,68,448,CELL,68,448,,PASS
E13,EXACT_OPEN,tool_rail_shape,56,64,CELL,56,64,,PASS
E13,EXACT_OPEN,tool_rail_place,56,64,CELL,56,64,,PASS
E13,EXACT_OPEN,transform_mode_move,56,48,CELL,56,48,,PASS
E13,EXACT_OPEN,transform_mode_rotate,56,48,CELL,56,48,,PASS
E13,EXACT_OPEN,transform_mode_scale,56,48,CELL,56,48,,PASS
E13,EXACT_OPEN,transform_space_world,56,48,CELL,56,48,,PASS
E13,EXACT_OPEN,transform_space_local,56,48,CELL,56,48,,PASS
E13,EXACT_OPEN,precision_toggle,56,48,CELL,56,48,,PASS
E13,EXACT_OPEN,history_group,108,56,CELL,108,56,,PASS
E13,EXACT_OPEN,undo_action,48,48,CELL,48,48,,PASS
E13,EXACT_OPEN,redo_action,48,48,CELL,48,48,,PASS
E13,EXACT_IME,toolbar_editing_group,293,56,CELL,293,56,,PASS
E13,EXACT_IME,freeze_to_sculpt,157,48,CELL,157,48,,PASS
E13,EXACT_IME,toolbar_utility_group,187,56,CELL,187,56,,PASS
E13,EXACT_IME,export_action,75,48,CELL,75,48,,PASS
E13,EXACT_IME,display_settings_button,48,48,CELL,48,48,,PASS
E13,EXACT_IME,hide_ui_toggle,48,48,CELL,48,48,,PASS
E13,EXACT_IME,objects_dock,180,151,CELL,180,151,,PASS
E13,EXACT_IME,object_row,152,48,CELL,152,48,,PASS
E13,EXACT_IME,add_body,152,48,CELL,152,48,,PASS
E13,EXACT_IME,inspector_toggle,48,48,CELL,48,48,,PASS
E13,EXACT_IME,field_pos_x,98,48,CELL,98,48,,PASS
E13,EXACT_IME,field_pos_y,99,48,CELL,99,48,,PASS
E13,EXACT_IME,field_pos_z,99,48,CELL,99,48,,PASS
E13,EXACT_IME,unit_chip_mm,101,48,CELL,101,48,,PASS
E13,EXACT_IME,unit_chip_cm,101,48,CELL,101,48,,PASS
E13,EXACT_IME,unit_chip_m,102,48,CELL,102,48,,PASS
E13,EXACT_IME,field_rot_x,98,48,CELL,98,48,,PASS
E13,EXACT_IME,field_rot_y,99,48,CELL,99,48,,PASS
E13,EXACT_IME,field_rot_z,99,48,CELL,99,48,,PASS
E13,EXACT_IME,field_scale_x,98,48,CELL,98,48,,PASS
E13,EXACT_IME,field_scale_y,99,48,CELL,99,48,,PASS
E13,EXACT_IME,field_scale_z,99,48,CELL,99,48,,PASS
E13,EXACT_IME,apply_transform,312,48,CELL,312,48,,PASS
E13,EXACT_IME,workspace_trailing_host,68,448,CELL,68,448,,PASS
E13,EXACT_IME,tool_rail_shape,56,64,CELL,56,64,,PASS
E13,EXACT_IME,tool_rail_place,56,64,CELL,56,64,,PASS
E13,EXACT_IME,transform_mode_move,56,48,CELL,56,48,,PASS
E13,EXACT_IME,transform_mode_rotate,56,48,CELL,56,48,,PASS
E13,EXACT_IME,transform_mode_scale,56,48,CELL,56,48,,PASS
E13,EXACT_IME,transform_space_world,56,48,CELL,56,48,,PASS
E13,EXACT_IME,transform_space_local,56,48,CELL,56,48,,PASS
E13,EXACT_IME,precision_toggle,56,48,CELL,56,48,,PASS
E13,EXACT_IME,history_group,108,56,CELL,108,56,,PASS
E13,EXACT_IME,undo_action,48,48,CELL,48,48,,PASS
E13,EXACT_IME,redo_action,48,48,CELL,48,48,,PASS
E13,EXACT_CLOSE,toolbar_editing_group,293,56,CELL,293,56,,PASS
E13,EXACT_CLOSE,freeze_to_sculpt,157,48,CELL,157,48,,PASS
E13,EXACT_CLOSE,toolbar_utility_group,187,56,CELL,187,56,,PASS
E13,EXACT_CLOSE,export_action,75,48,CELL,75,48,,PASS
E13,EXACT_CLOSE,display_settings_button,48,48,CELL,48,48,,PASS
E13,EXACT_CLOSE,hide_ui_toggle,48,48,CELL,48,48,,PASS
E13,EXACT_CLOSE,objects_dock,180,151,CELL,180,151,,PASS
E13,EXACT_CLOSE,object_row,152,48,CELL,152,48,,PASS
E13,EXACT_CLOSE,add_body,152,48,CELL,152,48,,PASS
E13,EXACT_CLOSE,workspace_trailing_host,68,448,CELL,68,448,,PASS
E13,EXACT_CLOSE,tool_rail_shape,56,64,CELL,56,64,,PASS
E13,EXACT_CLOSE,tool_rail_place,56,64,CELL,56,64,,PASS
E13,EXACT_CLOSE,transform_mode_move,56,48,CELL,56,48,,PASS
E13,EXACT_CLOSE,transform_mode_rotate,56,48,CELL,56,48,,PASS
E13,EXACT_CLOSE,transform_mode_scale,56,48,CELL,56,48,,PASS
E13,EXACT_CLOSE,transform_space_world,56,48,CELL,56,48,,PASS
E13,EXACT_CLOSE,transform_space_local,56,48,CELL,56,48,,PASS
E13,EXACT_CLOSE,precision_toggle,56,48,CELL,56,48,,PASS
E13,EXACT_CLOSE,history_group,108,56,CELL,108,56,,PASS
E13,EXACT_CLOSE,undo_action,48,48,CELL,48,48,,PASS
E13,EXACT_CLOSE,redo_action,48,48,CELL,48,48,,PASS
E13,SCULPT_REST,toolbar_editing_group,293,56,CELL,276,56,CLIPPED,PASS
E13,SCULPT_REST,back_to_construction,198,48,CELL,198,48,,PASS
E13,SCULPT_REST,toolbar_utility_group,187,56,CELL,187,56,,PASS
E13,SCULPT_REST,export_action,75,48,CELL,75,48,,PASS
E13,SCULPT_REST,display_settings_button,48,48,CELL,48,48,,PASS
E13,SCULPT_REST,hide_ui_toggle,48,48,CELL,48,48,,PASS
E13,SCULPT_REST,brush_radius_slider,48,200,CELL,48,200,,PASS
E13,SCULPT_REST,brush_strength_slider,48,200,CELL,48,200,,PASS
E13,SCULPT_REST,workspace_trailing_host,68,448,CELL,68,326,CLIPPED,PASS
E13,SCULPT_REST,tool_rail_grab,56,64,CELL,56,64,,PASS
E13,SCULPT_REST,tool_rail_clay,56,64,CELL,56,64,,PASS
E13,SCULPT_REST,tool_rail_smooth,56,64,CELL,56,64,,PASS
E13,SCULPT_REST,tool_rail_inflate,56,64,CELL,56,64,,PASS
E13,SCULPT_REST,precision_toggle,56,48,CELL,56,48,,PASS
E13,SCULPT_REST,objects_capsule,127,56,CELL,127,56,,PASS
E13,SCULPT_REST,objects_capsule_active,119,48,CELL,119,48,,PASS
E13,SCULPT_DETAILS,toolbar_editing_group,293,56,CELL,276,56,CLIPPED,PASS
E13,SCULPT_DETAILS,back_to_construction,198,48,CELL,198,48,,PASS
E13,SCULPT_DETAILS,toolbar_utility_group,187,56,CELL,187,56,,PASS
E13,SCULPT_DETAILS,export_action,75,48,CELL,75,48,,PASS
E13,SCULPT_DETAILS,display_settings_button,48,48,CELL,48,48,,PASS
E13,SCULPT_DETAILS,hide_ui_toggle,48,48,CELL,48,48,,PASS
E13,SCULPT_DETAILS,brush_radius_slider,48,200,CELL,48,200,,PASS
E13,SCULPT_DETAILS,brush_strength_slider,48,200,CELL,48,200,,PASS
E13,SCULPT_DETAILS,inspector_toggle,48,48,CELL,48,48,,PASS
E13,SCULPT_DETAILS,freeze_again,312,48,CELL,312,48,,PASS
E13,SCULPT_DETAILS,workspace_trailing_host,68,448,CELL,68,326,CLIPPED,PASS
E13,SCULPT_DETAILS,tool_rail_grab,56,64,CELL,56,64,,PASS
E13,SCULPT_DETAILS,tool_rail_clay,56,64,CELL,56,64,,PASS
E13,SCULPT_DETAILS,tool_rail_smooth,56,64,CELL,56,64,,PASS
E13,SCULPT_DETAILS,tool_rail_inflate,56,64,CELL,56,64,,PASS
E13,SCULPT_DETAILS,precision_toggle,56,48,CELL,56,48,,PASS
E13,SCULPT_DETAILS,objects_capsule,127,56,CELL,127,56,,PASS
E13,SCULPT_DETAILS,objects_capsule_active,119,48,CELL,119,48,,PASS
E13,SCULPT_CLOSE,toolbar_editing_group,293,56,CELL,276,56,CLIPPED,PASS
E13,SCULPT_CLOSE,back_to_construction,198,48,CELL,198,48,,PASS
E13,SCULPT_CLOSE,toolbar_utility_group,187,56,CELL,187,56,,PASS
E13,SCULPT_CLOSE,export_action,75,48,CELL,75,48,,PASS
E13,SCULPT_CLOSE,display_settings_button,48,48,CELL,48,48,,PASS
E13,SCULPT_CLOSE,hide_ui_toggle,48,48,CELL,48,48,,PASS
E13,SCULPT_CLOSE,brush_radius_slider,48,200,CELL,48,200,,PASS
E13,SCULPT_CLOSE,brush_strength_slider,48,200,CELL,48,200,,PASS
E13,SCULPT_CLOSE,workspace_trailing_host,68,448,CELL,68,326,CLIPPED,PASS
E13,SCULPT_CLOSE,tool_rail_grab,56,64,CELL,56,64,,PASS
E13,SCULPT_CLOSE,tool_rail_clay,56,64,CELL,56,64,,PASS
E13,SCULPT_CLOSE,tool_rail_smooth,56,64,CELL,56,64,,PASS
E13,SCULPT_CLOSE,tool_rail_inflate,56,64,CELL,56,64,,PASS
E13,SCULPT_CLOSE,precision_toggle,56,48,CELL,56,48,,PASS
E13,SCULPT_CLOSE,objects_capsule,127,56,CELL,127,56,,PASS
E13,SCULPT_CLOSE,objects_capsule_active,119,48,CELL,119,48,,PASS
