cell,state,expTop,top,dTop,expRight,right,dRight,expWidth,width,dWidth,expHeight,height,pass
C10,CONSTRUCTION_SHAPE_REST,88,112.5,24.5,12,8,-4,132,68,-64,160,194,FAIL
C10,TRANSFORM_MOVE_WORLD,88,112.5,24.5,12,8,-4,132,68,-64,328,448,FAIL
C10,TRANSFORM_ROTATE_WORLD,88,112.5,24.5,12,8,-4,132,68,-64,328,448,FAIL
C10,TRANSFORM_SCALE,88,112.5,24.5,12,8,-4,132,68,-64,272,346,FAIL
C10,TRANSFORM_MOVE_LOCAL,88,112.5,24.5,12,8,-4,132,68,-64,328,448,FAIL
C10,EXACT_OPEN,88,112.5,24.5,12,8,-4,132,68,-64,328,448,FAIL
C10,EXACT_IME,88,112.5,24.5,12,8,-4,132,68,-64,328,434.5,FAIL
C10,EXACT_CLOSE,88,112.5,24.5,12,8,-4,132,68,-64,328,448,FAIL
C10,SCULPT_REST,88,112.5,24.5,12,8,-4,132,68,-64,272,326,FAIL
C10,SCULPT_DETAILS,88,112.5,24.5,12,8,-4,132,68,-64,272,326,FAIL
C10,SCULPT_CLOSE,88,112.5,24.5,12,8,-4,132,68,-64,272,326,FAIL
C13,CONSTRUCTION_SHAPE_REST,88,112.5,24.5,12,8,-4,140,68,-72,160,194,FAIL
C13,TRANSFORM_MOVE_WORLD,88,112.5,24.5,12,8,-4,140,68,-72,328,448,FAIL
C13,TRANSFORM_ROTATE_WORLD,88,112.5,24.5,12,8,-4,140,68,-72,328,448,FAIL
C13,TRANSFORM_SCALE,88,112.5,24.5,12,8,-4,140,68,-72,272,346,FAIL
C13,TRANSFORM_MOVE_LOCAL,88,112.5,24.5,12,8,-4,140,68,-72,328,448,FAIL
C13,EXACT_OPEN,88,112.5,24.5,12,8,-4,140,68,-72,328,448,FAIL
C13,EXACT_IME,88,112.5,24.5,12,8,-4,140,68,-72,328,421,FAIL
C13,EXACT_CLOSE,88,112.5,24.5,12,8,-4,140,68,-72,328,448,FAIL
C13,SCULPT_REST,88,112.5,24.5,12,8,-4,140,68,-72,272,326,FAIL
C13,SCULPT_DETAILS,88,112.5,24.5,12,8,-4,140,68,-72,272,326,FAIL
C13,SCULPT_CLOSE,88,112.5,24.5,12,8,-4,140,68,-72,272,326,FAIL
L10,CONSTRUCTION_SHAPE_REST,72,88,16,12,8,-4,132,68,-64,160,162,FAIL
L10,TRANSFORM_MOVE_WORLD,72,88,16,12,8,-4,132,68,-64,328,235,FAIL
L10,TRANSFORM_ROTATE_WORLD,72,88,16,12,8,-4,132,68,-64,328,235,FAIL
L10,TRANSFORM_SCALE,72,88,16,12,8,-4,132,68,-64,272,235,FAIL
L10,TRANSFORM_MOVE_LOCAL,72,88,16,12,8,-4,132,68,-64,328,235,FAIL
L10,EXACT_OPEN,72,88,16,12,320,308,132,68,-64,328,235,FAIL
L10,EXACT_IME,72,88,16,12,320,308,132,68,-64,328,235,FAIL
L10,EXACT_CLOSE,72,88,16,12,8,-4,132,68,-64,328,235,FAIL
L10,SCULPT_REST,72,88,16,12,8,-4,132,68,-64,272,235,FAIL
L10,SCULPT_DETAILS,72,88,16,12,320,308,132,68,-64,272,235,FAIL
L10,SCULPT_CLOSE,72,88,16,12,8,-4,132,68,-64,272,235,FAIL
L13,CONSTRUCTION_SHAPE_REST,72,88,16,12,8,-4,140,68,-72,160,162,FAIL
L13,TRANSFORM_MOVE_WORLD,72,88,16,12,8,-4,140,68,-72,328,235,FAIL
L13,TRANSFORM_ROTATE_WORLD,72,88,16,12,8,-4,140,68,-72,328,235,FAIL
L13,TRANSFORM_SCALE,72,88,16,12,8,-4,140,68,-72,272,235,FAIL
L13,TRANSFORM_MOVE_LOCAL,72,88,16,12,8,-4,140,68,-72,328,235,FAIL
L13,EXACT_OPEN,72,88,16,12,320,308,140,68,-72,328,235,FAIL
L13,EXACT_IME,72,88,16,12,320,308,140,68,-72,328,235,FAIL
L13,EXACT_CLOSE,72,88,16,12,8,-4,140,68,-72,328,235,FAIL
L13,SCULPT_REST,72,88,16,12,8,-4,140,68,-72,272,235,FAIL
L13,SCULPT_DETAILS,72,88,16,12,320,308,140,68,-72,272,235,FAIL
L13,SCULPT_CLOSE,72,88,16,12,8,-4,140,68,-72,272,235,FAIL
E10,CONSTRUCTION_SHAPE_REST,96,107,11,16,8,-8,144,68,-76,160,194,FAIL
E10,TRANSFORM_MOVE_WORLD,96,107,11,16,8,-8,144,68,-76,328,448,FAIL
E10,TRANSFORM_ROTATE_WORLD,96,107,11,16,8,-8,144,68,-76,328,448,FAIL
E10,TRANSFORM_SCALE,96,107,11,16,8,-8,144,68,-76,272,346,FAIL
E10,TRANSFORM_MOVE_LOCAL,96,107,11,16,8,-8,144,68,-76,328,448,FAIL
E10,EXACT_OPEN,96,107,11,16,360,344,144,68,-76,328,448,FAIL
E10,EXACT_IME,96,107,11,16,360,344,144,68,-76,328,448,FAIL
E10,EXACT_CLOSE,96,107,11,16,8,-8,144,68,-76,328,448,FAIL
E10,SCULPT_REST,96,107,11,16,8,-8,144,68,-76,272,326,FAIL
E10,SCULPT_DETAILS,96,107,11,16,360,344,144,68,-76,272,326,FAIL
E10,SCULPT_CLOSE,96,107,11,16,8,-8,144,68,-76,272,326,FAIL
E13,CONSTRUCTION_SHAPE_REST,96,107,11,16,8,-8,152,68,-84,160,194,FAIL
E13,TRANSFORM_MOVE_WORLD,96,107,11,16,8,-8,152,68,-84,328,448,FAIL
E13,TRANSFORM_ROTATE_WORLD,96,107,11,16,8,-8,152,68,-84,328,448,FAIL
E13,TRANSFORM_SCALE,96,107,11,16,8,-8,152,68,-84,272,346,FAIL
E13,TRANSFORM_MOVE_LOCAL,96,107,11,16,8,-8,152,68,-84,328,448,FAIL
E13,EXACT_OPEN,96,107,11,16,360,344,152,68,-84,328,448,FAIL
E13,EXACT_IME,96,107,11,16,360,344,152,68,-84,328,448,FAIL
E13,EXACT_CLOSE,96,107,11,16,8,-8,152,68,-84,328,448,FAIL
E13,SCULPT_REST,96,107,11,16,8,-8,152,68,-84,272,326,FAIL
E13,SCULPT_DETAILS,96,107,11,16,360,344,152,68,-84,272,326,FAIL
E13,SCULPT_CLOSE,96,107,11,16,8,-8,152,68,-84,272,326,FAIL
