cell,state,element,x,y,w,h,present
C10,CONSTRUCTION_SHAPE_REST,global_toolbar,0,48.5,411,56,PRESENT
C10,CONSTRUCTION_SHAPE_REST,objects_capsule,8,826,159,56,PRESENT
C10,CONSTRUCTION_SHAPE_REST,history_group,295,826,108,56,PRESENT
C10,CONSTRUCTION_SHAPE_REST,objects_section,,,,,ABSENT
C10,CONSTRUCTION_SHAPE_REST,brush_edge_controls,,,,,ABSENT
C10,CONSTRUCTION_SHAPE_REST,tool_rail,341,118.5,56,130,PRESENT
C10,CONSTRUCTION_SHAPE_REST,viewport_surface,0,0,411,914,PRESENT
C10,TRANSFORM_MOVE_WORLD,global_toolbar,0,48.5,411,56,PRESENT
C10,TRANSFORM_MOVE_WORLD,objects_capsule,8,826,159,56,PRESENT
C10,TRANSFORM_MOVE_WORLD,history_group,295,826,108,56,PRESENT
C10,TRANSFORM_MOVE_WORLD,objects_section,,,,,ABSENT
C10,TRANSFORM_MOVE_WORLD,brush_edge_controls,,,,,ABSENT
C10,TRANSFORM_MOVE_WORLD,tool_rail,341,118.5,56,130,PRESENT
C10,TRANSFORM_MOVE_WORLD,viewport_surface,0,0,411,914,PRESENT
C10,TRANSFORM_ROTATE_WORLD,global_toolbar,0,48.5,411,56,PRESENT
C10,TRANSFORM_ROTATE_WORLD,objects_capsule,8,826,159,56,PRESENT
C10,TRANSFORM_ROTATE_WORLD,history_group,295,826,108,56,PRESENT
C10,TRANSFORM_ROTATE_WORLD,objects_section,,,,,ABSENT
C10,TRANSFORM_ROTATE_WORLD,brush_edge_controls,,,,,ABSENT
C10,TRANSFORM_ROTATE_WORLD,tool_rail,341,118.5,56,130,PRESENT
C10,TRANSFORM_ROTATE_WORLD,viewport_surface,0,0,411,914,PRESENT
C10,TRANSFORM_SCALE,global_toolbar,0,48.5,411,56,PRESENT
C10,TRANSFORM_SCALE,objects_capsule,8,826,159,56,PRESENT
C10,TRANSFORM_SCALE,history_group,295,826,108,56,PRESENT
C10,TRANSFORM_SCALE,objects_section,,,,,ABSENT
C10,TRANSFORM_SCALE,brush_edge_controls,,,,,ABSENT
C10,TRANSFORM_SCALE,tool_rail,341,118.5,56,130,PRESENT
C10,TRANSFORM_SCALE,viewport_surface,0,0,411,914,PRESENT
C10,TRANSFORM_MOVE_LOCAL,global_toolbar,0,48.5,411,56,PRESENT
C10,TRANSFORM_MOVE_LOCAL,objects_capsule,8,826,159,56,PRESENT
C10,TRANSFORM_MOVE_LOCAL,history_group,295,826,108,56,PRESENT
C10,TRANSFORM_MOVE_LOCAL,objects_section,,,,,ABSENT
C10,TRANSFORM_MOVE_LOCAL,brush_edge_controls,,,,,ABSENT
C10,TRANSFORM_MOVE_LOCAL,tool_rail,341,118.5,56,130,PRESENT
C10,TRANSFORM_MOVE_LOCAL,viewport_surface,0,0,411,914,PRESENT
C10,EXACT_OPEN,global_toolbar,0,48.5,411,56,PRESENT
C10,EXACT_OPEN,objects_capsule,,,,,ABSENT
C10,EXACT_OPEN,history_group,,,,,ABSENT
C10,EXACT_OPEN,objects_section,,,,,ABSENT
C10,EXACT_OPEN,brush_edge_controls,,,,,ABSENT
C10,EXACT_OPEN,tool_rail,341,118.5,56,130,PRESENT
C10,EXACT_OPEN,viewport_surface,0,0,411,914,PRESENT
C10,EXACT_IME,global_toolbar,0,48.5,411,56,PRESENT
C10,EXACT_IME,objects_capsule,,,,,ABSENT
C10,EXACT_IME,history_group,,,,,ABSENT
C10,EXACT_IME,objects_section,,,,,ABSENT
C10,EXACT_IME,brush_edge_controls,,,,,ABSENT
C10,EXACT_IME,tool_rail,341,118.5,56,130,PRESENT
C10,EXACT_IME,viewport_surface,0,0,411,914,PRESENT
C10,EXACT_CLOSE,global_toolbar,0,48.5,411,56,PRESENT
C10,EXACT_CLOSE,objects_capsule,8,826,159,56,PRESENT
C10,EXACT_CLOSE,history_group,295,826,108,56,PRESENT
C10,EXACT_CLOSE,objects_section,,,,,ABSENT
C10,EXACT_CLOSE,brush_edge_controls,,,,,ABSENT
C10,EXACT_CLOSE,tool_rail,341,118.5,56,130,PRESENT
C10,EXACT_CLOSE,viewport_surface,0,0,411,914,PRESENT
C10,SCULPT_REST,global_toolbar,0,48.5,411,56,PRESENT
C10,SCULPT_REST,objects_capsule,8,826,107,56,PRESENT
C10,SCULPT_REST,history_group,,,,,ABSENT
C10,SCULPT_REST,objects_section,,,,,ABSENT
C10,SCULPT_REST,brush_edge_controls,8,112.5,116,257,PRESENT
C10,SCULPT_REST,tool_rail,341,118.5,56,262,PRESENT
C10,SCULPT_REST,viewport_surface,0,0,411,914,PRESENT
C10,SCULPT_DETAILS,global_toolbar,0,48.5,411,56,PRESENT
C10,SCULPT_DETAILS,objects_capsule,,,,,ABSENT
C10,SCULPT_DETAILS,history_group,,,,,ABSENT
C10,SCULPT_DETAILS,objects_section,,,,,ABSENT
C10,SCULPT_DETAILS,brush_edge_controls,8,112.5,116,257,PRESENT
C10,SCULPT_DETAILS,tool_rail,341,118.5,56,262,PRESENT
C10,SCULPT_DETAILS,viewport_surface,0,0,411,914,PRESENT
C10,SCULPT_CLOSE,global_toolbar,0,48.5,411,56,PRESENT
C10,SCULPT_CLOSE,objects_capsule,8,826,107,56,PRESENT
C10,SCULPT_CLOSE,history_group,,,,,ABSENT
C10,SCULPT_CLOSE,objects_section,,,,,ABSENT
C10,SCULPT_CLOSE,brush_edge_controls,8,112.5,116,257,PRESENT
C10,SCULPT_CLOSE,tool_rail,341,118.5,56,262,PRESENT
C10,SCULPT_CLOSE,viewport_surface,0,0,411,914,PRESENT
C13,CONSTRUCTION_SHAPE_REST,global_toolbar,0,48.5,411,56,PRESENT
C13,CONSTRUCTION_SHAPE_REST,objects_capsule,8,826,177,56,PRESENT
C13,CONSTRUCTION_SHAPE_REST,history_group,295,826,108,56,PRESENT
C13,CONSTRUCTION_SHAPE_REST,objects_section,,,,,ABSENT
C13,CONSTRUCTION_SHAPE_REST,brush_edge_controls,,,,,ABSENT
C13,CONSTRUCTION_SHAPE_REST,tool_rail,341,118.5,56,130,PRESENT
C13,CONSTRUCTION_SHAPE_REST,viewport_surface,0,0,411,914,PRESENT
C13,TRANSFORM_MOVE_WORLD,global_toolbar,0,48.5,411,56,PRESENT
C13,TRANSFORM_MOVE_WORLD,objects_capsule,8,826,177,56,PRESENT
C13,TRANSFORM_MOVE_WORLD,history_group,295,826,108,56,PRESENT
C13,TRANSFORM_MOVE_WORLD,objects_section,,,,,ABSENT
C13,TRANSFORM_MOVE_WORLD,brush_edge_controls,,,,,ABSENT
C13,TRANSFORM_MOVE_WORLD,tool_rail,341,118.5,56,130,PRESENT
C13,TRANSFORM_MOVE_WORLD,viewport_surface,0,0,411,914,PRESENT
C13,TRANSFORM_ROTATE_WORLD,global_toolbar,0,48.5,411,56,PRESENT
C13,TRANSFORM_ROTATE_WORLD,objects_capsule,8,826,177,56,PRESENT
C13,TRANSFORM_ROTATE_WORLD,history_group,295,826,108,56,PRESENT
C13,TRANSFORM_ROTATE_WORLD,objects_section,,,,,ABSENT
C13,TRANSFORM_ROTATE_WORLD,brush_edge_controls,,,,,ABSENT
C13,TRANSFORM_ROTATE_WORLD,tool_rail,341,118.5,56,130,PRESENT
C13,TRANSFORM_ROTATE_WORLD,viewport_surface,0,0,411,914,PRESENT
C13,TRANSFORM_SCALE,global_toolbar,0,48.5,411,56,PRESENT
C13,TRANSFORM_SCALE,objects_capsule,8,826,177,56,PRESENT
C13,TRANSFORM_SCALE,history_group,295,826,108,56,PRESENT
C13,TRANSFORM_SCALE,objects_section,,,,,ABSENT
C13,TRANSFORM_SCALE,brush_edge_controls,,,,,ABSENT
C13,TRANSFORM_SCALE,tool_rail,341,118.5,56,130,PRESENT
C13,TRANSFORM_SCALE,viewport_surface,0,0,411,914,PRESENT
C13,TRANSFORM_MOVE_LOCAL,global_toolbar,0,48.5,411,56,PRESENT
C13,TRANSFORM_MOVE_LOCAL,objects_capsule,8,826,177,56,PRESENT
C13,TRANSFORM_MOVE_LOCAL,history_group,295,826,108,56,PRESENT
C13,TRANSFORM_MOVE_LOCAL,objects_section,,,,,ABSENT
C13,TRANSFORM_MOVE_LOCAL,brush_edge_controls,,,,,ABSENT
C13,TRANSFORM_MOVE_LOCAL,tool_rail,341,118.5,56,130,PRESENT
C13,TRANSFORM_MOVE_LOCAL,viewport_surface,0,0,411,914,PRESENT
C13,EXACT_OPEN,global_toolbar,0,48.5,411,56,PRESENT
C13,EXACT_OPEN,objects_capsule,,,,,ABSENT
C13,EXACT_OPEN,history_group,,,,,ABSENT
C13,EXACT_OPEN,objects_section,,,,,ABSENT
C13,EXACT_OPEN,brush_edge_controls,,,,,ABSENT
C13,EXACT_OPEN,tool_rail,341,118.5,56,130,PRESENT
C13,EXACT_OPEN,viewport_surface,0,0,411,914,PRESENT
C13,EXACT_IME,global_toolbar,0,48.5,411,56,PRESENT
C13,EXACT_IME,objects_capsule,,,,,ABSENT
C13,EXACT_IME,history_group,,,,,ABSENT
C13,EXACT_IME,objects_section,,,,,ABSENT
C13,EXACT_IME,brush_edge_controls,,,,,ABSENT
C13,EXACT_IME,tool_rail,341,118.5,56,130,PRESENT
C13,EXACT_IME,viewport_surface,0,0,411,914,PRESENT
C13,EXACT_CLOSE,global_toolbar,0,48.5,411,56,PRESENT
C13,EXACT_CLOSE,objects_capsule,8,826,177,56,PRESENT
C13,EXACT_CLOSE,history_group,295,826,108,56,PRESENT
C13,EXACT_CLOSE,objects_section,,,,,ABSENT
C13,EXACT_CLOSE,brush_edge_controls,,,,,ABSENT
C13,EXACT_CLOSE,tool_rail,341,118.5,56,130,PRESENT
C13,EXACT_CLOSE,viewport_surface,0,0,411,914,PRESENT
C13,SCULPT_REST,global_toolbar,0,48.5,411,56,PRESENT
C13,SCULPT_REST,objects_capsule,8,826,125,56,PRESENT
C13,SCULPT_REST,history_group,,,,,ABSENT
C13,SCULPT_REST,objects_section,,,,,ABSENT
C13,SCULPT_REST,brush_edge_controls,8,112.5,127,268,PRESENT
C13,SCULPT_REST,tool_rail,341,118.5,56,262,PRESENT
C13,SCULPT_REST,viewport_surface,0,0,411,914,PRESENT
C13,SCULPT_DETAILS,global_toolbar,0,48.5,411,56,PRESENT
C13,SCULPT_DETAILS,objects_capsule,,,,,ABSENT
C13,SCULPT_DETAILS,history_group,,,,,ABSENT
C13,SCULPT_DETAILS,objects_section,,,,,ABSENT
C13,SCULPT_DETAILS,brush_edge_controls,8,112.5,127,268,PRESENT
C13,SCULPT_DETAILS,tool_rail,341,118.5,56,262,PRESENT
C13,SCULPT_DETAILS,viewport_surface,0,0,411,914,PRESENT
C13,SCULPT_CLOSE,global_toolbar,0,48.5,411,56,PRESENT
C13,SCULPT_CLOSE,objects_capsule,8,826,125,56,PRESENT
C13,SCULPT_CLOSE,history_group,,,,,ABSENT
C13,SCULPT_CLOSE,objects_section,,,,,ABSENT
C13,SCULPT_CLOSE,brush_edge_controls,8,112.5,127,268,PRESENT
C13,SCULPT_CLOSE,tool_rail,341,118.5,56,262,PRESENT
C13,SCULPT_CLOSE,viewport_surface,0,0,411,914,PRESENT
L10,CONSTRUCTION_SHAPE_REST,global_toolbar,0,24,914,56,PRESENT
L10,CONSTRUCTION_SHAPE_REST,objects_capsule,8,323,159,56,PRESENT
L10,CONSTRUCTION_SHAPE_REST,history_group,798,323,108,56,PRESENT
L10,CONSTRUCTION_SHAPE_REST,objects_section,,,,,ABSENT
L10,CONSTRUCTION_SHAPE_REST,brush_edge_controls,,,,,ABSENT
L10,CONSTRUCTION_SHAPE_REST,tool_rail,844,94,56,98,PRESENT
L10,CONSTRUCTION_SHAPE_REST,viewport_surface,0,0,914,411,PRESENT
L10,TRANSFORM_MOVE_WORLD,global_toolbar,0,24,914,56,PRESENT
L10,TRANSFORM_MOVE_WORLD,objects_capsule,8,323,159,56,PRESENT
L10,TRANSFORM_MOVE_WORLD,history_group,798,323,108,56,PRESENT
L10,TRANSFORM_MOVE_WORLD,objects_section,,,,,ABSENT
L10,TRANSFORM_MOVE_WORLD,brush_edge_controls,,,,,ABSENT
L10,TRANSFORM_MOVE_WORLD,tool_rail,,,,,ABSENT
L10,TRANSFORM_MOVE_WORLD,viewport_surface,0,0,914,411,PRESENT
L10,TRANSFORM_ROTATE_WORLD,global_toolbar,0,24,914,56,PRESENT
L10,TRANSFORM_ROTATE_WORLD,objects_capsule,8,323,159,56,PRESENT
L10,TRANSFORM_ROTATE_WORLD,history_group,798,323,108,56,PRESENT
L10,TRANSFORM_ROTATE_WORLD,objects_section,,,,,ABSENT
L10,TRANSFORM_ROTATE_WORLD,brush_edge_controls,,,,,ABSENT
L10,TRANSFORM_ROTATE_WORLD,tool_rail,,,,,ABSENT
L10,TRANSFORM_ROTATE_WORLD,viewport_surface,0,0,914,411,PRESENT
L10,TRANSFORM_SCALE,global_toolbar,0,24,914,56,PRESENT
L10,TRANSFORM_SCALE,objects_capsule,8,323,159,56,PRESENT
L10,TRANSFORM_SCALE,history_group,798,323,108,56,PRESENT
L10,TRANSFORM_SCALE,objects_section,,,,,ABSENT
L10,TRANSFORM_SCALE,brush_edge_controls,,,,,ABSENT
L10,TRANSFORM_SCALE,tool_rail,844,88,56,25,PRESENT
L10,TRANSFORM_SCALE,viewport_surface,0,0,914,411,PRESENT
L10,TRANSFORM_MOVE_LOCAL,global_toolbar,0,24,914,56,PRESENT
L10,TRANSFORM_MOVE_LOCAL,objects_capsule,8,323,159,56,PRESENT
L10,TRANSFORM_MOVE_LOCAL,history_group,798,323,108,56,PRESENT
L10,TRANSFORM_MOVE_LOCAL,objects_section,,,,,ABSENT
L10,TRANSFORM_MOVE_LOCAL,brush_edge_controls,,,,,ABSENT
L10,TRANSFORM_MOVE_LOCAL,tool_rail,844,88,56,25,PRESENT
L10,TRANSFORM_MOVE_LOCAL,viewport_surface,0,0,914,411,PRESENT
L10,EXACT_OPEN,global_toolbar,0,24,914,56,PRESENT
L10,EXACT_OPEN,objects_capsule,8,323,159,56,PRESENT
L10,EXACT_OPEN,history_group,798,323,108,56,PRESENT
L10,EXACT_OPEN,objects_section,,,,,ABSENT
L10,EXACT_OPEN,brush_edge_controls,,,,,ABSENT
L10,EXACT_OPEN,tool_rail,,,,,ABSENT
L10,EXACT_OPEN,viewport_surface,0,0,914,411,PRESENT
L10,EXACT_IME,global_toolbar,0,24,914,56,PRESENT
L10,EXACT_IME,objects_capsule,8,323,159,56,PRESENT
L10,EXACT_IME,history_group,798,323,108,56,PRESENT
L10,EXACT_IME,objects_section,,,,,ABSENT
L10,EXACT_IME,brush_edge_controls,,,,,ABSENT
L10,EXACT_IME,tool_rail,,,,,ABSENT
L10,EXACT_IME,viewport_surface,0,0,914,411,PRESENT
L10,EXACT_CLOSE,global_toolbar,0,24,914,56,PRESENT
L10,EXACT_CLOSE,objects_capsule,8,323,159,56,PRESENT
L10,EXACT_CLOSE,history_group,798,323,108,56,PRESENT
L10,EXACT_CLOSE,objects_section,,,,,ABSENT
L10,EXACT_CLOSE,brush_edge_controls,,,,,ABSENT
L10,EXACT_CLOSE,tool_rail,,,,,ABSENT
L10,EXACT_CLOSE,viewport_surface,0,0,914,411,PRESENT
L10,SCULPT_REST,global_toolbar,0,24,914,56,PRESENT
L10,SCULPT_REST,objects_capsule,8,323,107,56,PRESENT
L10,SCULPT_REST,history_group,,,,,ABSENT
L10,SCULPT_REST,objects_section,,,,,ABSENT
L10,SCULPT_REST,brush_edge_controls,8,88,116,235,PRESENT
L10,SCULPT_REST,tool_rail,844,88,56,177,PRESENT
L10,SCULPT_REST,viewport_surface,0,0,914,411,PRESENT
L10,SCULPT_DETAILS,global_toolbar,0,24,914,56,PRESENT
L10,SCULPT_DETAILS,objects_capsule,8,323,107,56,PRESENT
L10,SCULPT_DETAILS,history_group,,,,,ABSENT
L10,SCULPT_DETAILS,objects_section,,,,,ABSENT
L10,SCULPT_DETAILS,brush_edge_controls,8,88,116,235,PRESENT
L10,SCULPT_DETAILS,tool_rail,532,88,56,177,PRESENT
L10,SCULPT_DETAILS,viewport_surface,0,0,914,411,PRESENT
L10,SCULPT_CLOSE,global_toolbar,0,24,914,56,PRESENT
L10,SCULPT_CLOSE,objects_capsule,8,323,107,56,PRESENT
L10,SCULPT_CLOSE,history_group,,,,,ABSENT
L10,SCULPT_CLOSE,objects_section,,,,,ABSENT
L10,SCULPT_CLOSE,brush_edge_controls,8,88,116,235,PRESENT
L10,SCULPT_CLOSE,tool_rail,844,88,56,177,PRESENT
L10,SCULPT_CLOSE,viewport_surface,0,0,914,411,PRESENT
L13,CONSTRUCTION_SHAPE_REST,global_toolbar,0,24,914,56,PRESENT
L13,CONSTRUCTION_SHAPE_REST,objects_capsule,8,323,177,56,PRESENT
L13,CONSTRUCTION_SHAPE_REST,history_group,798,323,108,56,PRESENT
L13,CONSTRUCTION_SHAPE_REST,objects_section,,,,,ABSENT
L13,CONSTRUCTION_SHAPE_REST,brush_edge_controls,,,,,ABSENT
L13,CONSTRUCTION_SHAPE_REST,tool_rail,844,94,56,98,PRESENT
L13,CONSTRUCTION_SHAPE_REST,viewport_surface,0,0,914,411,PRESENT
L13,TRANSFORM_MOVE_WORLD,global_toolbar,0,24,914,56,PRESENT
L13,TRANSFORM_MOVE_WORLD,objects_capsule,8,323,177,56,PRESENT
L13,TRANSFORM_MOVE_WORLD,history_group,798,323,108,56,PRESENT
L13,TRANSFORM_MOVE_WORLD,objects_section,,,,,ABSENT
L13,TRANSFORM_MOVE_WORLD,brush_edge_controls,,,,,ABSENT
L13,TRANSFORM_MOVE_WORLD,tool_rail,,,,,ABSENT
L13,TRANSFORM_MOVE_WORLD,viewport_surface,0,0,914,411,PRESENT
L13,TRANSFORM_ROTATE_WORLD,global_toolbar,0,24,914,56,PRESENT
L13,TRANSFORM_ROTATE_WORLD,objects_capsule,8,323,177,56,PRESENT
L13,TRANSFORM_ROTATE_WORLD,history_group,798,323,108,56,PRESENT
L13,TRANSFORM_ROTATE_WORLD,objects_section,,,,,ABSENT
L13,TRANSFORM_ROTATE_WORLD,brush_edge_controls,,,,,ABSENT
L13,TRANSFORM_ROTATE_WORLD,tool_rail,,,,,ABSENT
L13,TRANSFORM_ROTATE_WORLD,viewport_surface,0,0,914,411,PRESENT
L13,TRANSFORM_SCALE,global_toolbar,0,24,914,56,PRESENT
L13,TRANSFORM_SCALE,objects_capsule,8,323,177,56,PRESENT
L13,TRANSFORM_SCALE,history_group,798,323,108,56,PRESENT
L13,TRANSFORM_SCALE,objects_section,,,,,ABSENT
L13,TRANSFORM_SCALE,brush_edge_controls,,,,,ABSENT
L13,TRANSFORM_SCALE,tool_rail,844,88,56,25,PRESENT
L13,TRANSFORM_SCALE,viewport_surface,0,0,914,411,PRESENT
L13,TRANSFORM_MOVE_LOCAL,global_toolbar,0,24,914,56,PRESENT
L13,TRANSFORM_MOVE_LOCAL,objects_capsule,8,323,177,56,PRESENT
L13,TRANSFORM_MOVE_LOCAL,history_group,798,323,108,56,PRESENT
L13,TRANSFORM_MOVE_LOCAL,objects_section,,,,,ABSENT
L13,TRANSFORM_MOVE_LOCAL,brush_edge_controls,,,,,ABSENT
L13,TRANSFORM_MOVE_LOCAL,tool_rail,844,88,56,25,PRESENT
L13,TRANSFORM_MOVE_LOCAL,viewport_surface,0,0,914,411,PRESENT
L13,EXACT_OPEN,global_toolbar,0,24,914,56,PRESENT
L13,EXACT_OPEN,objects_capsule,8,323,177,56,PRESENT
L13,EXACT_OPEN,history_group,798,323,108,56,PRESENT
L13,EXACT_OPEN,objects_section,,,,,ABSENT
L13,EXACT_OPEN,brush_edge_controls,,,,,ABSENT
L13,EXACT_OPEN,tool_rail,,,,,ABSENT
L13,EXACT_OPEN,viewport_surface,0,0,914,411,PRESENT
L13,EXACT_IME,global_toolbar,0,24,914,56,PRESENT
L13,EXACT_IME,objects_capsule,8,323,177,56,PRESENT
L13,EXACT_IME,history_group,798,323,108,56,PRESENT
L13,EXACT_IME,objects_section,,,,,ABSENT
L13,EXACT_IME,brush_edge_controls,,,,,ABSENT
L13,EXACT_IME,tool_rail,,,,,ABSENT
L13,EXACT_IME,viewport_surface,0,0,914,411,PRESENT
L13,EXACT_CLOSE,global_toolbar,0,24,914,56,PRESENT
L13,EXACT_CLOSE,objects_capsule,8,323,177,56,PRESENT
L13,EXACT_CLOSE,history_group,798,323,108,56,PRESENT
L13,EXACT_CLOSE,objects_section,,,,,ABSENT
L13,EXACT_CLOSE,brush_edge_controls,,,,,ABSENT
L13,EXACT_CLOSE,tool_rail,,,,,ABSENT
L13,EXACT_CLOSE,viewport_surface,0,0,914,411,PRESENT
L13,SCULPT_REST,global_toolbar,0,24,914,56,PRESENT
L13,SCULPT_REST,objects_capsule,8,323,125,56,PRESENT
L13,SCULPT_REST,history_group,,,,,ABSENT
L13,SCULPT_REST,objects_section,,,,,ABSENT
L13,SCULPT_REST,brush_edge_controls,8,88,127,235,PRESENT
L13,SCULPT_REST,tool_rail,844,88,56,177,PRESENT
L13,SCULPT_REST,viewport_surface,0,0,914,411,PRESENT
L13,SCULPT_DETAILS,global_toolbar,0,24,914,56,PRESENT
L13,SCULPT_DETAILS,objects_capsule,8,323,125,56,PRESENT
L13,SCULPT_DETAILS,history_group,,,,,ABSENT
L13,SCULPT_DETAILS,objects_section,,,,,ABSENT
L13,SCULPT_DETAILS,brush_edge_controls,8,88,127,235,PRESENT
L13,SCULPT_DETAILS,tool_rail,532,88,56,177,PRESENT
L13,SCULPT_DETAILS,viewport_surface,0,0,914,411,PRESENT
L13,SCULPT_CLOSE,global_toolbar,0,24,914,56,PRESENT
L13,SCULPT_CLOSE,objects_capsule,8,323,125,56,PRESENT
L13,SCULPT_CLOSE,history_group,,,,,ABSENT
L13,SCULPT_CLOSE,objects_section,,,,,ABSENT
L13,SCULPT_CLOSE,brush_edge_controls,8,88,127,235,PRESENT
L13,SCULPT_CLOSE,tool_rail,844,88,56,177,PRESENT
L13,SCULPT_CLOSE,viewport_surface,0,0,914,411,PRESENT
E10,CONSTRUCTION_SHAPE_REST,global_toolbar,0,43,1280,56,PRESENT
E10,CONSTRUCTION_SHAPE_REST,objects_capsule,,,,,ABSENT
E10,CONSTRUCTION_SHAPE_REST,history_group,1164,704,108,56,PRESENT
E10,CONSTRUCTION_SHAPE_REST,objects_section,22,121,152,119,PRESENT
E10,CONSTRUCTION_SHAPE_REST,brush_edge_controls,,,,,ABSENT
E10,CONSTRUCTION_SHAPE_REST,tool_rail,1210,113,56,130,PRESENT
E10,CONSTRUCTION_SHAPE_REST,viewport_surface,0,0,1280,800,PRESENT
E10,TRANSFORM_MOVE_WORLD,global_toolbar,0,43,1280,56,PRESENT
E10,TRANSFORM_MOVE_WORLD,objects_capsule,,,,,ABSENT
E10,TRANSFORM_MOVE_WORLD,history_group,1164,704,108,56,PRESENT
E10,TRANSFORM_MOVE_WORLD,objects_section,22,121,152,119,PRESENT
E10,TRANSFORM_MOVE_WORLD,brush_edge_controls,,,,,ABSENT
E10,TRANSFORM_MOVE_WORLD,tool_rail,1210,113,56,130,PRESENT
E10,TRANSFORM_MOVE_WORLD,viewport_surface,0,0,1280,800,PRESENT
E10,TRANSFORM_ROTATE_WORLD,global_toolbar,0,43,1280,56,PRESENT
E10,TRANSFORM_ROTATE_WORLD,objects_capsule,,,,,ABSENT
E10,TRANSFORM_ROTATE_WORLD,history_group,1164,704,108,56,PRESENT
E10,TRANSFORM_ROTATE_WORLD,objects_section,22,121,152,119,PRESENT
E10,TRANSFORM_ROTATE_WORLD,brush_edge_controls,,,,,ABSENT
E10,TRANSFORM_ROTATE_WORLD,tool_rail,1210,113,56,130,PRESENT
E10,TRANSFORM_ROTATE_WORLD,viewport_surface,0,0,1280,800,PRESENT
E10,TRANSFORM_SCALE,global_toolbar,0,43,1280,56,PRESENT
E10,TRANSFORM_SCALE,objects_capsule,,,,,ABSENT
E10,TRANSFORM_SCALE,history_group,1164,704,108,56,PRESENT
E10,TRANSFORM_SCALE,objects_section,22,121,152,119,PRESENT
E10,TRANSFORM_SCALE,brush_edge_controls,,,,,ABSENT
E10,TRANSFORM_SCALE,tool_rail,1210,113,56,130,PRESENT
E10,TRANSFORM_SCALE,viewport_surface,0,0,1280,800,PRESENT
E10,TRANSFORM_MOVE_LOCAL,global_toolbar,0,43,1280,56,PRESENT
E10,TRANSFORM_MOVE_LOCAL,objects_capsule,,,,,ABSENT
E10,TRANSFORM_MOVE_LOCAL,history_group,1164,704,108,56,PRESENT
E10,TRANSFORM_MOVE_LOCAL,objects_section,22,121,152,119,PRESENT
E10,TRANSFORM_MOVE_LOCAL,brush_edge_controls,,,,,ABSENT
E10,TRANSFORM_MOVE_LOCAL,tool_rail,1210,113,56,130,PRESENT
E10,TRANSFORM_MOVE_LOCAL,viewport_surface,0,0,1280,800,PRESENT
E10,EXACT_OPEN,global_toolbar,0,43,1280,56,PRESENT
E10,EXACT_OPEN,objects_capsule,,,,,ABSENT
E10,EXACT_OPEN,history_group,1164,704,108,56,PRESENT
E10,EXACT_OPEN,objects_section,22,121,152,119,PRESENT
E10,EXACT_OPEN,brush_edge_controls,,,,,ABSENT
E10,EXACT_OPEN,tool_rail,858,113,56,130,PRESENT
E10,EXACT_OPEN,viewport_surface,0,0,1280,800,PRESENT
E10,EXACT_IME,global_toolbar,0,43,1280,56,PRESENT
E10,EXACT_IME,objects_capsule,,,,,ABSENT
E10,EXACT_IME,history_group,1164,704,108,56,PRESENT
E10,EXACT_IME,objects_section,22,121,152,119,PRESENT
E10,EXACT_IME,brush_edge_controls,,,,,ABSENT
E10,EXACT_IME,tool_rail,858,113,56,130,PRESENT
E10,EXACT_IME,viewport_surface,0,0,1280,800,PRESENT
E10,EXACT_CLOSE,global_toolbar,0,43,1280,56,PRESENT
E10,EXACT_CLOSE,objects_capsule,,,,,ABSENT
E10,EXACT_CLOSE,history_group,1164,704,108,56,PRESENT
E10,EXACT_CLOSE,objects_section,22,121,152,119,PRESENT
E10,EXACT_CLOSE,brush_edge_controls,,,,,ABSENT
E10,EXACT_CLOSE,tool_rail,1210,113,56,130,PRESENT
E10,EXACT_CLOSE,viewport_surface,0,0,1280,800,PRESENT
E10,SCULPT_REST,global_toolbar,0,43,1280,56,PRESENT
E10,SCULPT_REST,objects_capsule,8,704,108,56,PRESENT
E10,SCULPT_REST,history_group,,,,,ABSENT
E10,SCULPT_REST,objects_section,,,,,ABSENT
E10,SCULPT_REST,brush_edge_controls,8,107,116,257,PRESENT
E10,SCULPT_REST,tool_rail,1210,113,56,262,PRESENT
E10,SCULPT_REST,viewport_surface,0,0,1280,800,PRESENT
E10,SCULPT_DETAILS,global_toolbar,0,43,1280,56,PRESENT
E10,SCULPT_DETAILS,objects_capsule,8,704,108,56,PRESENT
E10,SCULPT_DETAILS,history_group,,,,,ABSENT
E10,SCULPT_DETAILS,objects_section,,,,,ABSENT
E10,SCULPT_DETAILS,brush_edge_controls,8,107,116,257,PRESENT
E10,SCULPT_DETAILS,tool_rail,858,113,56,262,PRESENT
E10,SCULPT_DETAILS,viewport_surface,0,0,1280,800,PRESENT
E10,SCULPT_CLOSE,global_toolbar,0,43,1280,56,PRESENT
E10,SCULPT_CLOSE,objects_capsule,8,704,108,56,PRESENT
E10,SCULPT_CLOSE,history_group,,,,,ABSENT
E10,SCULPT_CLOSE,objects_section,,,,,ABSENT
E10,SCULPT_CLOSE,brush_edge_controls,8,107,116,257,PRESENT
E10,SCULPT_CLOSE,tool_rail,1210,113,56,262,PRESENT
E10,SCULPT_CLOSE,viewport_surface,0,0,1280,800,PRESENT
E13,CONSTRUCTION_SHAPE_REST,global_toolbar,0,43,1280,56,PRESENT
E13,CONSTRUCTION_SHAPE_REST,objects_capsule,,,,,ABSENT
E13,CONSTRUCTION_SHAPE_REST,history_group,1164,704,108,56,PRESENT
E13,CONSTRUCTION_SHAPE_REST,objects_section,22,121,152,123,PRESENT
E13,CONSTRUCTION_SHAPE_REST,brush_edge_controls,,,,,ABSENT
E13,CONSTRUCTION_SHAPE_REST,tool_rail,1210,113,56,130,PRESENT
E13,CONSTRUCTION_SHAPE_REST,viewport_surface,0,0,1280,800,PRESENT
E13,TRANSFORM_MOVE_WORLD,global_toolbar,0,43,1280,56,PRESENT
E13,TRANSFORM_MOVE_WORLD,objects_capsule,,,,,ABSENT
E13,TRANSFORM_MOVE_WORLD,history_group,1164,704,108,56,PRESENT
E13,TRANSFORM_MOVE_WORLD,objects_section,22,121,152,123,PRESENT
E13,TRANSFORM_MOVE_WORLD,brush_edge_controls,,,,,ABSENT
E13,TRANSFORM_MOVE_WORLD,tool_rail,1210,113,56,130,PRESENT
E13,TRANSFORM_MOVE_WORLD,viewport_surface,0,0,1280,800,PRESENT
E13,TRANSFORM_ROTATE_WORLD,global_toolbar,0,43,1280,56,PRESENT
E13,TRANSFORM_ROTATE_WORLD,objects_capsule,,,,,ABSENT
E13,TRANSFORM_ROTATE_WORLD,history_group,1164,704,108,56,PRESENT
E13,TRANSFORM_ROTATE_WORLD,objects_section,22,121,152,123,PRESENT
E13,TRANSFORM_ROTATE_WORLD,brush_edge_controls,,,,,ABSENT
E13,TRANSFORM_ROTATE_WORLD,tool_rail,1210,113,56,130,PRESENT
E13,TRANSFORM_ROTATE_WORLD,viewport_surface,0,0,1280,800,PRESENT
E13,TRANSFORM_SCALE,global_toolbar,0,43,1280,56,PRESENT
E13,TRANSFORM_SCALE,objects_capsule,,,,,ABSENT
E13,TRANSFORM_SCALE,history_group,1164,704,108,56,PRESENT
E13,TRANSFORM_SCALE,objects_section,22,121,152,123,PRESENT
E13,TRANSFORM_SCALE,brush_edge_controls,,,,,ABSENT
E13,TRANSFORM_SCALE,tool_rail,1210,113,56,130,PRESENT
E13,TRANSFORM_SCALE,viewport_surface,0,0,1280,800,PRESENT
E13,TRANSFORM_MOVE_LOCAL,global_toolbar,0,43,1280,56,PRESENT
E13,TRANSFORM_MOVE_LOCAL,objects_capsule,,,,,ABSENT
E13,TRANSFORM_MOVE_LOCAL,history_group,1164,704,108,56,PRESENT
E13,TRANSFORM_MOVE_LOCAL,objects_section,22,121,152,123,PRESENT
E13,TRANSFORM_MOVE_LOCAL,brush_edge_controls,,,,,ABSENT
E13,TRANSFORM_MOVE_LOCAL,tool_rail,1210,113,56,130,PRESENT
E13,TRANSFORM_MOVE_LOCAL,viewport_surface,0,0,1280,800,PRESENT
E13,EXACT_OPEN,global_toolbar,0,43,1280,56,PRESENT
E13,EXACT_OPEN,objects_capsule,,,,,ABSENT
E13,EXACT_OPEN,history_group,1164,704,108,56,PRESENT
E13,EXACT_OPEN,objects_section,22,121,152,123,PRESENT
E13,EXACT_OPEN,brush_edge_controls,,,,,ABSENT
E13,EXACT_OPEN,tool_rail,858,113,56,130,PRESENT
E13,EXACT_OPEN,viewport_surface,0,0,1280,800,PRESENT
E13,EXACT_IME,global_toolbar,0,43,1280,56,PRESENT
E13,EXACT_IME,objects_capsule,,,,,ABSENT
E13,EXACT_IME,history_group,1164,704,108,56,PRESENT
E13,EXACT_IME,objects_section,22,121,152,123,PRESENT
E13,EXACT_IME,brush_edge_controls,,,,,ABSENT
E13,EXACT_IME,tool_rail,858,113,56,130,PRESENT
E13,EXACT_IME,viewport_surface,0,0,1280,800,PRESENT
E13,EXACT_CLOSE,global_toolbar,0,43,1280,56,PRESENT
E13,EXACT_CLOSE,objects_capsule,,,,,ABSENT
E13,EXACT_CLOSE,history_group,1164,704,108,56,PRESENT
E13,EXACT_CLOSE,objects_section,22,121,152,123,PRESENT
E13,EXACT_CLOSE,brush_edge_controls,,,,,ABSENT
E13,EXACT_CLOSE,tool_rail,1210,113,56,130,PRESENT
E13,EXACT_CLOSE,viewport_surface,0,0,1280,800,PRESENT
E13,SCULPT_REST,global_toolbar,0,43,1280,56,PRESENT
E13,SCULPT_REST,objects_capsule,8,704,127,56,PRESENT
E13,SCULPT_REST,history_group,,,,,ABSENT
E13,SCULPT_REST,objects_section,,,,,ABSENT
E13,SCULPT_REST,brush_edge_controls,8,107,127,269,PRESENT
E13,SCULPT_REST,tool_rail,1210,113,56,262,PRESENT
E13,SCULPT_REST,viewport_surface,0,0,1280,800,PRESENT
E13,SCULPT_DETAILS,global_toolbar,0,43,1280,56,PRESENT
E13,SCULPT_DETAILS,objects_capsule,8,704,127,56,PRESENT
E13,SCULPT_DETAILS,history_group,,,,,ABSENT
E13,SCULPT_DETAILS,objects_section,,,,,ABSENT
E13,SCULPT_DETAILS,brush_edge_controls,8,107,127,269,PRESENT
E13,SCULPT_DETAILS,tool_rail,858,113,56,262,PRESENT
E13,SCULPT_DETAILS,viewport_surface,0,0,1280,800,PRESENT
E13,SCULPT_CLOSE,global_toolbar,0,43,1280,56,PRESENT
E13,SCULPT_CLOSE,objects_capsule,8,704,127,56,PRESENT
E13,SCULPT_CLOSE,history_group,,,,,ABSENT
E13,SCULPT_CLOSE,objects_section,,,,,ABSENT
E13,SCULPT_CLOSE,brush_edge_controls,8,107,127,269,PRESENT
E13,SCULPT_CLOSE,tool_rail,1210,113,56,262,PRESENT
E13,SCULPT_CLOSE,viewport_surface,0,0,1280,800,PRESENT
