"Phase","State","Element","Present","Left","Top","Right","Bottom","Width","Height","Enabled","Selected","Checked"
"after","01-construction-resting","workspace_trailing_host","True","880","296","1059","828","179","532","true","false","false"
"after","01-construction-resting","tool_rail","True","880","296","1059","669","179","373","true","false","false"
"after","01-construction-resting","precision_toggle","True","922","691","1048","817","126","126","true","false","false"
"after","01-construction-resting","transform_mode_group","False","","","","","","","","",""
"after","01-construction-resting","transform_space_group","False","","","","","","","","",""
"after","01-construction-resting","transform_mode_move","False","","","","","","","","",""
"after","01-construction-resting","transform_mode_rotate","False","","","","","","","","",""
"after","01-construction-resting","transform_mode_scale","False","","","","","","","","",""
"after","01-construction-resting","transform_space_world","False","","","","","","","","",""
"after","01-construction-resting","transform_space_local","False","","","","","","","","",""
"after","01-construction-resting","property_inspector","False","","","","","","","","",""
"after","01-construction-resting","display_settings_popover","False","","","","","","","","",""
"after","01-construction-resting","objects_capsule","True","21","2168","442","2316","421","148","true","false","false"
"after","01-construction-resting","history_group","True","774","2168","1059","2316","285","148","true","false","false"
"after","01-construction-resting","brush_edge_controls","False","","","","","","","","",""
"after","01-construction-resting","right_cluster_union","True","880","296","1059","817","179","521","","",""
"after","02-move","workspace_trailing_host","True","880","296","1059","1557","179","1261","true","false","false"
"after","02-move","tool_rail","True","880","296","1059","669","179","373","true","false","false"
"after","02-move","precision_toggle","True","922","691","1048","817","126","126","true","false","false"
"after","02-move","transform_mode_group","True","911","839","1059","1261","148","422","true","false","false"
"after","02-move","transform_space_group","True","911","1272","1059","1557","148","285","true","false","false"
"after","02-move","transform_mode_move","True","922","850","1048","976","126","126","true","false","false"
"after","02-move","transform_mode_rotate","True","922","987","1048","1113","126","126","true","false","false"
"after","02-move","transform_mode_scale","True","922","1124","1048","1250","126","126","true","false","false"
"after","02-move","transform_space_world","True","922","1283","1048","1409","126","126","true","false","false"
"after","02-move","transform_space_local","True","922","1420","1048","1546","126","126","true","false","false"
"after","02-move","property_inspector","False","","","","","","","","",""
"after","02-move","display_settings_popover","False","","","","","","","","",""
"after","02-move","objects_capsule","True","21","2168","442","2316","421","148","true","false","false"
"after","02-move","history_group","True","774","2168","1059","2316","285","148","true","false","false"
"after","02-move","brush_edge_controls","False","","","","","","","","",""
"after","02-move","right_cluster_union","True","880","296","1059","1557","179","1261","","",""
"after","03-rotate","workspace_trailing_host","True","880","296","1059","1557","179","1261","true","false","false"
"after","03-rotate","tool_rail","True","880","296","1059","669","179","373","true","false","false"
"after","03-rotate","precision_toggle","True","922","691","1048","817","126","126","true","false","false"
"after","03-rotate","transform_mode_group","True","911","839","1059","1261","148","422","true","false","false"
"after","03-rotate","transform_space_group","True","911","1272","1059","1557","148","285","true","false","false"
"after","03-rotate","transform_mode_move","True","922","850","1048","976","126","126","true","false","false"
"after","03-rotate","transform_mode_rotate","True","922","987","1048","1113","126","126","true","false","false"
"after","03-rotate","transform_mode_scale","True","922","1124","1048","1250","126","126","true","false","false"
"after","03-rotate","transform_space_world","True","922","1283","1048","1409","126","126","true","false","false"
"after","03-rotate","transform_space_local","True","922","1420","1048","1546","126","126","true","false","false"
"after","03-rotate","property_inspector","False","","","","","","","","",""
"after","03-rotate","display_settings_popover","False","","","","","","","","",""
"after","03-rotate","objects_capsule","True","21","2168","442","2316","421","148","true","false","false"
"after","03-rotate","history_group","True","774","2168","1059","2316","285","148","true","false","false"
"after","03-rotate","brush_edge_controls","False","","","","","","","","",""
"after","03-rotate","right_cluster_union","True","880","296","1059","1557","179","1261","","",""
"after","04-scale","workspace_trailing_host","True","880","296","1059","1261","179","965","true","false","false"
"after","04-scale","tool_rail","True","880","296","1059","669","179","373","true","false","false"
"after","04-scale","precision_toggle","True","922","691","1048","817","126","126","true","false","false"
"after","04-scale","transform_mode_group","True","911","839","1059","1261","148","422","true","false","false"
"after","04-scale","transform_space_group","False","","","","","","","","",""
"after","04-scale","transform_mode_move","True","922","850","1048","976","126","126","true","false","false"
"after","04-scale","transform_mode_rotate","True","922","987","1048","1113","126","126","true","false","false"
"after","04-scale","transform_mode_scale","True","922","1124","1048","1250","126","126","true","false","false"
"after","04-scale","transform_space_world","False","","","","","","","","",""
"after","04-scale","transform_space_local","False","","","","","","","","",""
"after","04-scale","property_inspector","False","","","","","","","","",""
"after","04-scale","display_settings_popover","False","","","","","","","","",""
"after","04-scale","objects_capsule","True","21","2168","442","2316","421","148","true","false","false"
"after","04-scale","history_group","True","774","2168","1059","2316","285","148","true","false","false"
"after","04-scale","brush_edge_controls","False","","","","","","","","",""
"after","04-scale","right_cluster_union","True","880","296","1059","1261","179","965","","",""
"after","05-exact-transform","workspace_trailing_host","True","880","296","1059","1261","179","965","true","false","false"
"after","05-exact-transform","tool_rail","True","880","296","1059","669","179","373","true","false","false"
"after","05-exact-transform","precision_toggle","True","922","691","1048","817","126","126","true","false","false"
"after","05-exact-transform","transform_mode_group","True","911","839","1059","1261","148","422","true","false","false"
"after","05-exact-transform","transform_space_group","False","","","","","","","","",""
"after","05-exact-transform","transform_mode_move","True","922","850","1048","976","126","126","true","false","false"
"after","05-exact-transform","transform_mode_rotate","True","922","987","1048","1113","126","126","true","false","false"
"after","05-exact-transform","transform_mode_scale","True","922","1124","1048","1250","126","126","true","false","false"
"after","05-exact-transform","transform_space_world","False","","","","","","","","",""
"after","05-exact-transform","transform_space_local","False","","","","","","","","",""
"after","05-exact-transform","property_inspector","True","21","1677","1059","2316","1038","639","true","false","false"
"after","05-exact-transform","display_settings_popover","False","","","","","","","","",""
"after","05-exact-transform","objects_capsule","True","21","1487","442","1635","421","148","true","false","false"
"after","05-exact-transform","history_group","True","774","1487","1059","1635","285","148","true","false","false"
"after","05-exact-transform","brush_edge_controls","False","","","","","","","","",""
"after","05-exact-transform","right_cluster_union","True","880","296","1059","1261","179","965","","",""
"after","06-exact-transform-ime","workspace_trailing_host","True","637","296","1059","836","422","540","true","false","false"
"after","06-exact-transform-ime","tool_rail","True","880","296","1059","518","179","222","true","false","false"
"after","06-exact-transform-ime","precision_toggle","True","922","540","1048","666","126","126","true","false","false"
"after","06-exact-transform-ime","transform_mode_group","True","637","688","1059","836","422","148","true","false","false"
"after","06-exact-transform-ime","transform_space_group","False","","","","","","","","",""
"after","06-exact-transform-ime","transform_mode_move","True","648","699","774","825","126","126","true","false","false"
"after","06-exact-transform-ime","transform_mode_rotate","True","785","699","911","825","126","126","true","false","false"
"after","06-exact-transform-ime","transform_mode_scale","True","922","699","1048","825","126","126","true","false","false"
"after","06-exact-transform-ime","transform_space_world","False","","","","","","","","",""
"after","06-exact-transform-ime","transform_space_local","False","","","","","","","","",""
"after","06-exact-transform-ime","property_inspector","True","21","857","1059","1496","1038","639","true","false","false"
"after","06-exact-transform-ime","display_settings_popover","False","","","","","","","","",""
"after","06-exact-transform-ime","objects_capsule","False","","","","","","","","",""
"after","06-exact-transform-ime","history_group","False","","","","","","","","",""
"after","06-exact-transform-ime","brush_edge_controls","False","","","","","","","","",""
"after","06-exact-transform-ime","right_cluster_union","True","637","296","1059","836","422","540","","",""
"after","07-display","workspace_trailing_host","False","","","","","","","","",""
"after","07-display","tool_rail","False","","","","","","","","",""
"after","07-display","precision_toggle","False","","","","","","","","",""
"after","07-display","transform_mode_group","False","","","","","","","","",""
"after","07-display","transform_space_group","False","","","","","","","","",""
"after","07-display","transform_mode_move","False","","","","","","","","",""
"after","07-display","transform_mode_rotate","False","","","","","","","","",""
"after","07-display","transform_mode_scale","False","","","","","","","","",""
"after","07-display","transform_space_world","False","","","","","","","","",""
"after","07-display","transform_space_local","False","","","","","","","","",""
"after","07-display","property_inspector","False","","","","","","","","",""
"after","07-display","display_settings_popover","True","461","275","1059","1587","598","1312","true","false","false"
"after","07-display","objects_capsule","True","21","2168","442","2316","421","148","true","false","false"
"after","07-display","history_group","True","774","2168","1059","2316","285","148","true","false","false"
"after","07-display","brush_edge_controls","False","","","","","","","","",""
"after","08-short-landscape","workspace_trailing_host","True","2200","231","2379","679","179","448","true","false","false"
"after","08-short-landscape","tool_rail","True","2200","231","2379","520","179","289","true","false","false"
"after","08-short-landscape","precision_toggle","True","2242","542","2368","668","126","126","true","false","false"
"after","08-short-landscape","transform_mode_group","False","","","","","","","","",""
"after","08-short-landscape","transform_space_group","False","","","","","","","","",""
"after","08-short-landscape","transform_mode_move","False","","","","","","","","",""
"after","08-short-landscape","transform_mode_rotate","False","","","","","","","","",""
"after","08-short-landscape","transform_mode_scale","False","","","","","","","","",""
"after","08-short-landscape","transform_space_world","False","","","","","","","","",""
"after","08-short-landscape","transform_space_local","False","","","","","","","","",""
"after","08-short-landscape","property_inspector","False","","","","","","","","",""
"after","08-short-landscape","display_settings_popover","False","","","","","","","","",""
"after","08-short-landscape","objects_capsule","True","21","848","442","996","421","148","true","false","false"
"after","08-short-landscape","history_group","True","2094","848","2379","996","285","148","true","false","false"
"after","08-short-landscape","brush_edge_controls","False","","","","","","","","",""
"after","08-short-landscape","right_cluster_union","True","2200","231","2379","668","179","437","","",""
"after","09-expanded-tablet","workspace_trailing_host","True","1409","296","1588","828","179","532","true","false","false"
"after","09-expanded-tablet","tool_rail","True","1409","296","1588","669","179","373","true","false","false"
"after","09-expanded-tablet","precision_toggle","True","1451","691","1577","817","126","126","true","false","false"
"after","09-expanded-tablet","transform_mode_group","False","","","","","","","","",""
"after","09-expanded-tablet","transform_space_group","False","","","","","","","","",""
"after","09-expanded-tablet","transform_mode_move","False","","","","","","","","",""
"after","09-expanded-tablet","transform_mode_rotate","False","","","","","","","","",""
"after","09-expanded-tablet","transform_mode_scale","False","","","","","","","","",""
"after","09-expanded-tablet","transform_space_world","False","","","","","","","","",""
"after","09-expanded-tablet","transform_space_local","False","","","","","","","","",""
"after","09-expanded-tablet","property_inspector","False","","","","","","","","",""
"after","09-expanded-tablet","display_settings_popover","False","","","","","","","","",""
"after","09-expanded-tablet","objects_capsule","False","","","","","","","","",""
"after","09-expanded-tablet","history_group","True","1294","2343","1579","2491","285","148","true","false","false"
"after","09-expanded-tablet","brush_edge_controls","False","","","","","","","","",""
"after","09-expanded-tablet","right_cluster_union","True","1409","296","1588","817","179","521","","",""
"after","10-sculpt-resting","workspace_trailing_host","True","880","296","1059","1174","179","878","true","false","false"
"after","10-sculpt-resting","tool_rail","True","880","296","1059","1015","179","719","true","false","false"
"after","10-sculpt-resting","precision_toggle","True","922","1037","1048","1163","126","126","true","false","false"
"after","10-sculpt-resting","transform_mode_group","False","","","","","","","","",""
"after","10-sculpt-resting","transform_space_group","False","","","","","","","","",""
"after","10-sculpt-resting","transform_mode_move","False","","","","","","","","",""
"after","10-sculpt-resting","transform_mode_rotate","False","","","","","","","","",""
"after","10-sculpt-resting","transform_mode_scale","False","","","","","","","","",""
"after","10-sculpt-resting","transform_space_world","False","","","","","","","","",""
"after","10-sculpt-resting","transform_space_local","False","","","","","","","","",""
"after","10-sculpt-resting","property_inspector","False","","","","","","","","",""
"after","10-sculpt-resting","display_settings_popover","False","","","","","","","","",""
"after","10-sculpt-resting","objects_capsule","True","21","2168","305","2316","284","148","true","false","false"
"after","10-sculpt-resting","history_group","False","","","","","","","","",""
"after","10-sculpt-resting","brush_edge_controls","True","21","296","326","971","305","675","true","false","false"
"after","10-sculpt-resting","right_cluster_union","True","880","296","1059","1163","179","867","","",""
"after","11-sculpt-details","workspace_trailing_host","True","880","296","1059","1174","179","878","true","false","false"
"after","11-sculpt-details","tool_rail","True","880","296","1059","1015","179","719","true","false","false"
"after","11-sculpt-details","precision_toggle","True","922","1037","1048","1163","126","126","true","false","false"
"after","11-sculpt-details","transform_mode_group","False","","","","","","","","",""
"after","11-sculpt-details","transform_space_group","False","","","","","","","","",""
"after","11-sculpt-details","transform_mode_move","False","","","","","","","","",""
"after","11-sculpt-details","transform_mode_rotate","False","","","","","","","","",""
"after","11-sculpt-details","transform_mode_scale","False","","","","","","","","",""
"after","11-sculpt-details","transform_space_world","False","","","","","","","","",""
"after","11-sculpt-details","transform_space_local","False","","","","","","","","",""
"after","11-sculpt-details","property_inspector","True","21","1904","1059","2316","1038","412","true","false","false"
"after","11-sculpt-details","display_settings_popover","False","","","","","","","","",""
"after","11-sculpt-details","objects_capsule","True","21","1714","305","1862","284","148","true","false","false"
"after","11-sculpt-details","history_group","False","","","","","","","","",""
"after","11-sculpt-details","brush_edge_controls","True","21","296","326","971","305","675","true","false","false"
"after","11-sculpt-details","right_cluster_union","True","880","296","1059","1163","179","867","","",""
